====================================================================================================
随机选择20个期货合约查询5分钟K线数据
查询时间范围: 2026-03-30 至 2026-03-31
数据来源表: futures_5m_2026_03
选择的合约数量: 20
====================================================================================================


====================================================================================================
【1/20】合约: c2605
====================================================================================================
  数据条数: 138
  时间范围: 2026-03-30 09:05:00 至 2026-03-31 23:00:00

----------------------------------------------------------------------------------------------------
序号    时间                  开盘价         最高价         最低价         收盘价         成交量         
----------------------------------------------------------------------------------------------------
1     2026-03-30 09:05:00 2358.00     2361.00     2353.00     2360.00     68446       
2     2026-03-30 09:10:00 2360.00     2361.00     2356.00     2356.00     22356       
3     2026-03-30 09:15:00 2356.00     2360.00     2356.00     2358.00     21426       
4     2026-03-30 09:20:00 2358.00     2360.00     2357.00     2357.00     14856       
5     2026-03-30 09:25:00 2358.00     2359.00     2357.00     2358.00     4731        
6     2026-03-30 09:30:00 2358.00     2360.00     2357.00     2359.00     7233        
7     2026-03-30 09:35:00 2359.00     2360.00     2358.00     2359.00     7862        
8     2026-03-30 09:40:00 2361.00     2361.00     2359.00     2359.00     7283        
9     2026-03-30 09:45:00 2359.00     2360.00     2357.00     2357.00     4860        
10    2026-03-30 09:50:00 2357.00     2358.00     2355.00     2355.00     10671       
11    2026-03-30 09:55:00 2355.00     2356.00     2355.00     2356.00     4870        
12    2026-03-30 10:00:00 2356.00     2356.00     2355.00     2355.00     5050        
13    2026-03-30 10:05:00 2355.00     2356.00     2354.00     2354.00     7371        
14    2026-03-30 10:10:00 2354.00     2355.00     2353.00     2354.00     6707        
15    2026-03-30 10:15:00 2353.00     2355.00     2352.00     2353.00     15363       
16    2026-03-30 10:35:00 2353.00     2354.00     2351.00     2352.00     10960       
17    2026-03-30 10:40:00 2352.00     2353.00     2351.00     2352.00     7474        
18    2026-03-30 10:45:00 2351.00     2352.00     2350.00     2350.00     12928       
19    2026-03-30 10:50:00 2351.00     2351.00     2350.00     2350.00     7626        
20    2026-03-30 10:55:00 2351.00     2355.00     2350.00     2354.00     19623       
21    2026-03-30 11:00:00 2353.00     2354.00     2352.00     2353.00     6470        
22    2026-03-30 11:05:00 2353.00     2355.00     2353.00     2354.00     7194        
23    2026-03-30 11:10:00 2355.00     2356.00     2354.00     2354.00     6681        
24    2026-03-30 11:15:00 2354.00     2355.00     2352.00     2353.00     5577        
25    2026-03-30 11:20:00 2352.00     2353.00     2352.00     2352.00     2475        
26    2026-03-30 11:25:00 2351.00     2353.00     2351.00     2351.00     8914        
27    2026-03-30 11:30:00 2351.00     2353.00     2351.00     2352.00     7362        
28    2026-03-30 13:35:00 2352.00     2353.00     2351.00     2352.00     5948        
29    2026-03-30 13:40:00 2353.00     2353.00     2352.00     2352.00     2259        
30    2026-03-30 13:45:00 2353.00     2353.00     2351.00     2351.00     10          
31    2026-03-30 13:50:00 2352.00     2352.00     2350.00     2351.00     5774        
32    2026-03-30 13:55:00 2351.00     2352.00     2350.00     2352.00     5573        
33    2026-03-30 14:00:00 2352.00     2352.00     2350.00     2351.00     5940        
34    2026-03-30 14:05:00 2351.00     2352.00     2350.00     2350.00     4073        
35    2026-03-30 14:10:00 2350.00     2351.00     2350.00     2351.00     3450        
36    2026-03-30 14:15:00 2350.00     2351.00     2350.00     2350.00     3491        
37    2026-03-30 14:20:00 2350.00     2351.00     2350.00     2350.00     3609        
38    2026-03-30 14:25:00 2350.00     2351.00     2348.00     2349.00     22498       
39    2026-03-30 14:30:00 2349.00     2350.00     2347.00     2349.00     10824       
40    2026-03-30 14:35:00 2348.00     2349.00     2347.00     2347.00     9932        
41    2026-03-30 14:40:00 2347.00     2348.00     2345.00     2347.00     19503       
42    2026-03-30 14:45:00 2346.00     2347.00     2345.00     2346.00     12676       
43    2026-03-30 14:50:00 2346.00     2347.00     2345.00     2345.00     13283       
44    2026-03-30 14:55:00 2346.00     2347.00     2345.00     2346.00     8159        
45    2026-03-30 15:00:00 2346.00     2347.00     2345.00     2346.00     1446        
46    2026-03-30 21:05:00 2348.00     2350.00     2347.00     2349.00     39141       
47    2026-03-30 21:10:00 2348.00     2349.00     2346.00     2347.00     14024       
48    2026-03-30 21:15:00 2347.00     2348.00     2345.00     2345.00     14345       
49    2026-03-30 21:20:00 2345.00     2346.00     2345.00     2345.00     11540       
50    2026-03-30 21:25:00 2345.00     2347.00     2345.00     2345.00     7570        
51    2026-03-30 21:30:00 2345.00     2346.00     2345.00     2345.00     3783        
52    2026-03-30 21:35:00 2346.00     2346.00     2345.00     2345.00     1693        
53    2026-03-30 21:40:00 2346.00     2346.00     2345.00     2345.00     1810        
54    2026-03-30 21:45:00 2345.00     2347.00     2345.00     2345.00     7141        
55    2026-03-30 21:50:00 2345.00     2347.00     2345.00     2346.00     2731        
56    2026-03-30 21:55:00 2346.00     2346.00     2344.00     2345.00     6189        
57    2026-03-30 22:00:00 2344.00     2346.00     2344.00     2346.00     6692        
58    2026-03-30 22:05:00 2345.00     2346.00     2345.00     2346.00     3297        
59    2026-03-30 22:10:00 2346.00     2346.00     2345.00     2346.00     874         
60    2026-03-30 22:15:00 2346.00     2346.00     2345.00     2345.00     1463        
61    2026-03-30 22:20:00 2345.00     2348.00     2345.00     2348.00     9151        
62    2026-03-30 22:25:00 2348.00     2348.00     2346.00     2346.00     4605        
63    2026-03-30 22:30:00 2346.00     2347.00     2346.00     2347.00     1036        
64    2026-03-30 22:35:00 2347.00     2347.00     2346.00     2347.00     2118        
65    2026-03-30 22:40:00 2347.00     2348.00     2346.00     2347.00     2732        
66    2026-03-30 22:45:00 2347.00     2348.00     2347.00     2347.00     1336        
67    2026-03-30 22:50:00 2347.00     2348.00     2346.00     2346.00     2600        
68    2026-03-30 22:55:00 2346.00     2347.00     2346.00     2346.00     1390        
69    2026-03-30 23:00:00 2346.00     2347.00     2346.00     2346.00     3349        
70    2026-03-31 09:05:00 2347.00     2351.00     2346.00     2349.00     34589       
71    2026-03-31 09:10:00 2350.00     2352.00     2348.00     2352.00     22878       
72    2026-03-31 09:15:00 2352.00     2354.00     2351.00     2351.00     13845       
73    2026-03-31 09:20:00 2351.00     2352.00     2349.00     2349.00     6027        
74    2026-03-31 09:25:00 2349.00     2350.00     2348.00     2348.00     5101        
75    2026-03-31 09:30:00 2349.00     2350.00     2348.00     2348.00     8863        
76    2026-03-31 09:35:00 2350.00     2350.00     2348.00     2348.00     7633        
77    2026-03-31 09:40:00 2348.00     2350.00     2348.00     2350.00     4286        
78    2026-03-31 09:45:00 2349.00     2351.00     2349.00     2350.00     11263       
79    2026-03-31 09:50:00 2350.00     2353.00     2350.00     2352.00     8573        
80    2026-03-31 09:55:00 2352.00     2353.00     2352.00     2353.00     7271        
81    2026-03-31 10:00:00 2352.00     2354.00     2352.00     2354.00     8297        
82    2026-03-31 10:05:00 2354.00     2354.00     2353.00     2354.00     5599        
83    2026-03-31 10:10:00 2353.00     2354.00     2351.00     2351.00     987         
84    2026-03-31 10:15:00 2351.00     2355.00     2351.00     2354.00     10608       
85    2026-03-31 10:35:00 2354.00     2355.00     2353.00     2354.00     6207        
86    2026-03-31 10:40:00 2354.00     2354.00     2352.00     2352.00     2963        
87    2026-03-31 10:45:00 2352.00     2353.00     2352.00     2352.00     1402        
88    2026-03-31 10:50:00 2352.00     2354.00     2351.00     2354.00     4111        
89    2026-03-31 10:55:00 2354.00     2354.00     2352.00     2352.00     1951        
90    2026-03-31 11:00:00 2351.00     2353.00     2350.00     2350.00     7155        
91    2026-03-31 11:05:00 2350.00     2351.00     2350.00     2351.00     1804        
92    2026-03-31 11:10:00 2353.00     2353.00     2350.00     2352.00     4650        
93    2026-03-31 11:15:00 2352.00     2353.00     2351.00     2351.00     1700        
94    2026-03-31 11:20:00 2351.00     2352.00     2350.00     2351.00     7193        
95    2026-03-31 11:25:00 2351.00     2352.00     2350.00     2352.00     5263        
96    2026-03-31 11:30:00 2351.00     2352.00     2350.00     2352.00     4980        
97    2026-03-31 13:35:00 2352.00     2352.00     2350.00     2350.00     5230        
98    2026-03-31 13:40:00 2351.00     2354.00     2350.00     2353.00     5588        
99    2026-03-31 13:45:00 2352.00     2353.00     2351.00     2351.00     2928        
100   2026-03-31 13:50:00 2351.00     2352.00     2351.00     2351.00     1821        
101   2026-03-31 13:55:00 2352.00     2352.00     2351.00     2351.00     1510        
102   2026-03-31 14:00:00 2351.00     2352.00     2351.00     2351.00     2016        
103   2026-03-31 14:05:00 2351.00     2352.00     2351.00     2351.00     1599        
104   2026-03-31 14:10:00 2352.00     2352.00     2351.00     2352.00     1536        
105   2026-03-31 14:15:00 2351.00     2352.00     2351.00     2351.00     1859        
106   2026-03-31 14:20:00 2351.00     2352.00     2351.00     2351.00     1898        
107   2026-03-31 14:25:00 2351.00     2352.00     2351.00     2351.00     1765        
108   2026-03-31 14:30:00 2351.00     2352.00     2351.00     2351.00     1672        
109   2026-03-31 14:35:00 2352.00     2352.00     2350.00     2351.00     5799        
110   2026-03-31 14:40:00 2351.00     2352.00     2351.00     2351.00     1906        
111   2026-03-31 14:45:00 2351.00     2352.00     2351.00     2351.00     2515        
112   2026-03-31 14:50:00 2351.00     2352.00     2350.00     2352.00     10515       
113   2026-03-31 14:55:00 2352.00     2352.00     2351.00     2351.00     2341        
114   2026-03-31 15:00:00 2351.00     2351.00     2350.00     2351.00     5423        
115   2026-03-31 21:05:00 2351.00     2359.00     2351.00     2359.00     136         
116   2026-03-31 21:10:00 2360.00     2363.00     2358.00     2358.00     157         
117   2026-03-31 21:15:00 2358.00     2360.00     2358.00     2360.00     210         
118   2026-03-31 21:20:00 2360.00     2362.00     2358.00     2361.00     279         
119   2026-03-31 21:25:00 2361.00     2363.00     2360.00     2362.00     83          
120   2026-03-31 21:30:00 2362.00     2364.00     2361.00     2364.00     294         
121   2026-03-31 21:35:00 2364.00     2365.00     2362.00     2362.00     13          
122   2026-03-31 21:40:00 2363.00     2365.00     2362.00     2364.00     221         
123   2026-03-31 21:45:00 2364.00     2366.00     2364.00     2365.00     37          
124   2026-03-31 21:50:00 2365.00     2367.00     2364.00     2364.00     51          
125   2026-03-31 21:55:00 2364.00     2365.00     2362.00     2365.00     1340        
126   2026-03-31 22:00:00 2364.00     2365.00     2363.00     2363.00     29          
127   2026-03-31 22:05:00 2363.00     2364.00     2362.00     2363.00     428         
128   2026-03-31 22:10:00 2364.00     2364.00     2362.00     2362.00     779         
129   2026-03-31 22:15:00 2362.00     2363.00     2362.00     2363.00     103         
130   2026-03-31 22:20:00 2362.00     2364.00     2362.00     2363.00     132         
131   2026-03-31 22:25:00 2364.00     2365.00     2363.00     2364.00     2           
132   2026-03-31 22:30:00 2363.00     2364.00     2362.00     2363.00     26          
133   2026-03-31 22:35:00 2363.00     2364.00     2362.00     2364.00     52          
134   2026-03-31 22:40:00 2363.00     2364.00     2363.00     2363.00     55          
135   2026-03-31 22:45:00 2363.00     2365.00     2363.00     2365.00     4477        
136   2026-03-31 22:50:00 2365.00     2365.00     2364.00     2364.00     486         
137   2026-03-31 22:55:00 2364.00     2365.00     2363.00     2364.00     14          
138   2026-03-31 23:00:00 2364.00     2365.00     2362.00     2364.00     695         

----------------------------------------------------------------------------------------------------

====================================================================================================
【2/20】合约: PR605
====================================================================================================
  ⚠ 该合约在指定时间范围内没有数据


====================================================================================================
【3/20】合约: al2605
====================================================================================================
  数据条数: 174
  时间范围: 2026-03-30 00:00:00 至 2026-03-31 23:55:00

----------------------------------------------------------------------------------------------------
序号    时间                  开盘价         最高价         最低价         收盘价         成交量         
----------------------------------------------------------------------------------------------------
1     2026-03-30 00:00:00 24075.00    24120.00    24050.00    24085.00    14790       
2     2026-03-30 09:05:00 24650.00    24810.00    24650.00    24785.00    57322       
3     2026-03-30 09:10:00 24785.00    24790.00    24665.00    24685.00    23114       
4     2026-03-30 09:15:00 24680.00    24735.00    24635.00    24715.00    15575       
5     2026-03-30 09:20:00 24720.00    24775.00    24690.00    24755.00    12507       
6     2026-03-30 09:25:00 24755.00    24815.00    24740.00    24790.00    801         
7     2026-03-30 09:30:00 24795.00    24820.00    24760.00    24810.00    9892        
8     2026-03-30 09:35:00 24795.00    24840.00    24790.00    24825.00    9778        
9     2026-03-30 09:40:00 24825.00    24835.00    24730.00    24770.00    8588        
10    2026-03-30 09:45:00 24780.00    24830.00    24760.00    24765.00    7140        
11    2026-03-30 09:50:00 24760.00    24775.00    24730.00    24770.00    5644        
12    2026-03-30 09:55:00 24770.00    24770.00    24720.00    24735.00    4572        
13    2026-03-30 10:00:00 24740.00    24770.00    24735.00    24755.00    3995        
14    2026-03-30 10:05:00 24710.00    24760.00    24690.00    24700.00    6917        
15    2026-03-30 10:10:00 24700.00    24715.00    24680.00    24705.00    5151        
16    2026-03-30 10:15:00 24670.00    24705.00    24645.00    24665.00    9815        
17    2026-03-30 10:35:00 24660.00    24675.00    24620.00    24625.00    9487        
18    2026-03-30 10:40:00 24615.00    24630.00    24575.00    24585.00    7696        
19    2026-03-30 10:45:00 24585.00    24625.00    24555.00    24620.00    9842        
20    2026-03-30 10:50:00 24620.00    24660.00    24615.00    24660.00    6671        
21    2026-03-30 10:55:00 24655.00    24665.00    24630.00    24635.00    3435        
22    2026-03-30 11:00:00 24630.00    24635.00    24600.00    24630.00    3587        
23    2026-03-30 11:05:00 24660.00    24660.00    24625.00    24650.00    827         
24    2026-03-30 11:10:00 24660.00    24675.00    24640.00    24665.00    4230        
25    2026-03-30 11:15:00 24670.00    24690.00    24635.00    24640.00    4633        
26    2026-03-30 11:20:00 24635.00    24650.00    24610.00    24625.00    3316        
27    2026-03-30 11:25:00 24620.00    24635.00    24595.00    24595.00    3420        
28    2026-03-30 11:30:00 24595.00    24615.00    24545.00    24575.00    7235        
29    2026-03-30 13:35:00 24650.00    24670.00    24575.00    24660.00    9228        
30    2026-03-30 13:40:00 24655.00    24660.00    24630.00    24645.00    2522        
31    2026-03-30 13:45:00 24645.00    24675.00    24640.00    24660.00    3815        
32    2026-03-30 13:50:00 24660.00    24670.00    24650.00    24660.00    2820        
33    2026-03-30 13:55:00 24660.00    24675.00    24655.00    24660.00    2492        
34    2026-03-30 14:00:00 24670.00    24675.00    24650.00    24670.00    1953        
35    2026-03-30 14:05:00 24670.00    24685.00    24650.00    24680.00    4766        
36    2026-03-30 14:10:00 24675.00    24710.00    24675.00    24680.00    4435        
37    2026-03-30 14:15:00 24685.00    24690.00    24670.00    24675.00    2111        
38    2026-03-30 14:20:00 24680.00    24700.00    24670.00    24695.00    1964        
39    2026-03-30 14:25:00 24690.00    24695.00    24680.00    24685.00    1663        
40    2026-03-30 14:30:00 24690.00    24715.00    24685.00    24705.00    701         
41    2026-03-30 14:35:00 24705.00    24715.00    24690.00    24705.00    2647        
42    2026-03-30 14:40:00 24710.00    24715.00    24675.00    24690.00    2705        
43    2026-03-30 14:45:00 24690.00    24725.00    24680.00    24725.00    2952        
44    2026-03-30 14:50:00 24725.00    24770.00    24725.00    24765.00    6219        
45    2026-03-30 14:55:00 24765.00    24770.00    24735.00    24745.00    5792        
46    2026-03-30 15:00:00 24745.00    24745.00    24720.00    24725.00    248         
47    2026-03-30 21:05:00 24595.00    24715.00    24595.00    24670.00    20691       
48    2026-03-30 21:10:00 24675.00    24705.00    24640.00    24695.00    8685        
49    2026-03-30 21:15:00 24690.00    24730.00    24680.00    24695.00    6109        
50    2026-03-30 21:20:00 24695.00    24730.00    24695.00    24730.00    4851        
51    2026-03-30 21:25:00 24725.00    24730.00    24685.00    24710.00    4211        
52    2026-03-30 21:30:00 24710.00    24720.00    24675.00    24675.00    6815        
53    2026-03-30 21:35:00 24680.00    24705.00    24665.00    24670.00    4920        
54    2026-03-30 21:40:00 24670.00    24700.00    24670.00    24685.00    3773        
55    2026-03-30 21:45:00 24685.00    24695.00    24655.00    24655.00    3871        
56    2026-03-30 21:50:00 24660.00    24670.00    24610.00    24615.00    6109        
57    2026-03-30 21:55:00 24615.00    24630.00    24590.00    24595.00    7151        
58    2026-03-30 22:00:00 24595.00    24620.00    24585.00    24615.00    3683        
59    2026-03-30 22:05:00 24615.00    24675.00    24610.00    24675.00    4142        
60    2026-03-30 22:10:00 24670.00    24685.00    24650.00    24685.00    3222        
61    2026-03-30 22:15:00 24685.00    24710.00    24680.00    24690.00    4416        
62    2026-03-30 22:20:00 24690.00    24700.00    24685.00    24690.00    1886        
63    2026-03-30 22:25:00 24690.00    24700.00    24675.00    24690.00    105         
64    2026-03-30 22:30:00 24690.00    24690.00    24670.00    24680.00    1181        
65    2026-03-30 22:35:00 24680.00    24690.00    24665.00    24665.00    1357        
66    2026-03-30 22:40:00 24670.00    24700.00    24655.00    24695.00    2412        
67    2026-03-30 22:45:00 24690.00    24695.00    24675.00    24680.00    931         
68    2026-03-30 22:50:00 24680.00    24705.00    24675.00    24695.00    1875        
69    2026-03-30 22:55:00 24690.00    24700.00    24675.00    24695.00    1197        
70    2026-03-30 23:00:00 24690.00    24695.00    24680.00    24685.00    909         
71    2026-03-30 23:05:00 24685.00    24695.00    24675.00    24690.00    1546        
72    2026-03-30 23:10:00 24685.00    24690.00    24670.00    24680.00    1056        
73    2026-03-30 23:15:00 24680.00    24690.00    24675.00    24685.00    829         
74    2026-03-30 23:20:00 24685.00    24685.00    24670.00    24670.00    749         
75    2026-03-30 23:25:00 24675.00    24680.00    24670.00    24675.00    622         
76    2026-03-30 23:30:00 24675.00    24710.00    24675.00    24705.00    2169        
77    2026-03-30 23:35:00 24705.00    24715.00    24695.00    24710.00    1197        
78    2026-03-30 23:40:00 24710.00    24720.00    24705.00    24710.00    1189        
79    2026-03-30 23:45:00 24710.00    24730.00    24710.00    24725.00    1386        
80    2026-03-30 23:50:00 24730.00    24730.00    24720.00    24730.00    883         
81    2026-03-30 23:55:00 24730.00    24745.00    24720.00    24740.00    2013        
82    2026-03-31 00:00:00 24740.00    24740.00    24730.00    24730.00    1153        
83    2026-03-31 00:05:00 24730.00    24735.00    24725.00    24730.00    1077        
84    2026-03-31 00:10:00 24730.00    24750.00    24730.00    24745.00    1330        
85    2026-03-31 00:15:00 24745.00    24750.00    24740.00    24745.00    897         
86    2026-03-31 00:20:00 24745.00    24765.00    24740.00    24750.00    1603        
87    2026-03-31 00:25:00 24750.00    24760.00    24745.00    24755.00    1027        
88    2026-03-31 00:30:00 24760.00    24765.00    24755.00    24755.00    777         
89    2026-03-31 00:35:00 24755.00    24760.00    24750.00    24755.00    1192        
90    2026-03-31 00:40:00 24755.00    24760.00    24750.00    24755.00    560         
91    2026-03-31 00:45:00 24755.00    24755.00    24735.00    24745.00    542         
92    2026-03-31 00:50:00 24740.00    24745.00    24730.00    24730.00    556         
93    2026-03-31 00:55:00 24735.00    24745.00    24725.00    24745.00    858         
94    2026-03-31 01:00:00 24745.00    24755.00    24740.00    24745.00    1116        
95    2026-03-31 09:05:00 24760.00    24760.00    24705.00    24735.00    8442        
96    2026-03-31 09:10:00 24730.00    24800.00    24720.00    24795.00    10924       
97    2026-03-31 09:15:00 24795.00    24850.00    24785.00    24810.00    12010       
98    2026-03-31 09:20:00 24810.00    24855.00    24795.00    24810.00    8751        
99    2026-03-31 09:25:00 24810.00    24830.00    24775.00    24820.00    6767        
100   2026-03-31 09:30:00 24820.00    24825.00    24790.00    24815.00    4893        
101   2026-03-31 09:35:00 24825.00    24840.00    24785.00    24795.00    3629        
102   2026-03-31 09:40:00 24795.00    24840.00    24795.00    24830.00    5802        
103   2026-03-31 09:45:00 24835.00    24865.00    24815.00    24820.00    5754        
104   2026-03-31 09:50:00 24845.00    24870.00    24805.00    24855.00    7250        
105   2026-03-31 09:55:00 24840.00    24870.00    24830.00    24835.00    4937        
106   2026-03-31 10:00:00 24835.00    24845.00    24740.00    24785.00    8671        
107   2026-03-31 10:05:00 24770.00    24790.00    24750.00    24780.00    4202        
108   2026-03-31 10:10:00 24795.00    24825.00    24780.00    24805.00    3767        
109   2026-03-31 10:15:00 24800.00    24810.00    24755.00    24760.00    4382        
110   2026-03-31 10:35:00 24785.00    24850.00    24765.00    24820.00    9974        
111   2026-03-31 10:40:00 24815.00    24850.00    24810.00    24830.00    4777        
112   2026-03-31 10:45:00 24835.00    24835.00    24810.00    24825.00    2707        
113   2026-03-31 10:50:00 24830.00    24845.00    24815.00    24835.00    3091        
114   2026-03-31 10:55:00 24835.00    24875.00    24835.00    24860.00    5546        
115   2026-03-31 11:00:00 24840.00    24860.00    24805.00    24810.00    3533        
116   2026-03-31 11:05:00 24790.00    24825.00    24785.00    24790.00    3979        
117   2026-03-31 11:10:00 24775.00    24800.00    24760.00    24770.00    4528        
118   2026-03-31 11:15:00 24770.00    24775.00    24745.00    24750.00    4094        
119   2026-03-31 11:20:00 24750.00    24785.00    24750.00    24750.00    570         
120   2026-03-31 11:25:00 24750.00    24785.00    24745.00    24765.00    2265        
121   2026-03-31 11:30:00 24765.00    24800.00    24760.00    24785.00    2971        
122   2026-03-31 13:35:00 24790.00    24790.00    24720.00    24745.00    7139        
123   2026-03-31 13:40:00 24745.00    24760.00    24735.00    24750.00    2598        
124   2026-03-31 13:45:00 24750.00    24775.00    24745.00    24770.00    2400        
125   2026-03-31 13:50:00 24770.00    24800.00    24770.00    24800.00    2485        
126   2026-03-31 13:55:00 24800.00    24835.00    24790.00    24790.00    4082        
127   2026-03-31 14:00:00 24795.00    24835.00    24785.00    24825.00    2886        
128   2026-03-31 14:05:00 24825.00    24845.00    24815.00    24835.00    3926        
129   2026-03-31 14:10:00 24830.00    24850.00    24815.00    24840.00    3319        
130   2026-03-31 14:15:00 24840.00    24870.00    24840.00    24860.00    5539        
131   2026-03-31 14:20:00 24855.00    24885.00    24840.00    24860.00    4404        
132   2026-03-31 14:25:00 24860.00    24890.00    24850.00    24865.00    4152        
133   2026-03-31 14:30:00 24865.00    24890.00    24845.00    24890.00    4380        
134   2026-03-31 14:35:00 24895.00    24905.00    24875.00    24895.00    6123        
135   2026-03-31 14:40:00 24895.00    24905.00    24885.00    24885.00    2890        
136   2026-03-31 14:45:00 24885.00    24900.00    24860.00    24865.00    910         
137   2026-03-31 14:50:00 24865.00    24880.00    24850.00    24855.00    3190        
138   2026-03-31 14:55:00 24855.00    24880.00    24855.00    24865.00    88          
139   2026-03-31 15:00:00 24870.00    24875.00    24865.00    24875.00    19          
140   2026-03-31 21:05:00 25145.00    25145.00    24980.00    25025.00    58          
141   2026-03-31 21:10:00 25025.00    25025.00    24960.00    24975.00    22          
142   2026-03-31 21:15:00 24975.00    24985.00    24925.00    24980.00    125         
143   2026-03-31 21:20:00 24975.00    24995.00    24950.00    24965.00    63          
144   2026-03-31 21:25:00 24970.00    24995.00    24960.00    24965.00    51          
145   2026-03-31 21:30:00 24970.00    24975.00    24945.00    24960.00    6           
146   2026-03-31 21:35:00 24960.00    24985.00    24950.00    24975.00    87          
147   2026-03-31 21:40:00 24975.00    24975.00    24895.00    24905.00    62          
148   2026-03-31 21:45:00 24910.00    24955.00    24905.00    24935.00    18          
149   2026-03-31 21:50:00 24930.00    24955.00    24925.00    24940.00    50          
150   2026-03-31 21:55:00 24935.00    24940.00    24915.00    24925.00    134         
151   2026-03-31 22:00:00 24925.00    24945.00    24905.00    24945.00    65          
152   2026-03-31 22:05:00 24945.00    24980.00    24945.00    24960.00    252         
153   2026-03-31 22:10:00 24960.00    24970.00    24935.00    24945.00    21          
154   2026-03-31 22:15:00 24950.00    24980.00    24940.00    24975.00    26          
155   2026-03-31 22:20:00 24975.00    24975.00    24950.00    24970.00    424         
156   2026-03-31 22:25:00 24970.00    25010.00    24965.00    25005.00    18          
157   2026-03-31 22:30:00 25005.00    25030.00    24995.00    25000.00    156         
158   2026-03-31 22:35:00 25000.00    25030.00    24990.00    25020.00    61          
159   2026-03-31 22:40:00 25020.00    25020.00    24975.00    24985.00    15          
160   2026-03-31 22:45:00 24985.00    25005.00    24985.00    24995.00    597         
161   2026-03-31 22:50:00 24990.00    25005.00    24950.00    24955.00    1229        
162   2026-03-31 22:55:00 24955.00    24975.00    24955.00    24960.00    59          
163   2026-03-31 23:00:00 24960.00    24960.00    24930.00    24960.00    53          
164   2026-03-31 23:05:00 24960.00    24985.00    24955.00    24975.00    21          
165   2026-03-31 23:10:00 24980.00    25000.00    24975.00    24985.00    3           
166   2026-03-31 23:15:00 24985.00    24995.00    24980.00    24990.00    12          
167   2026-03-31 23:20:00 24990.00    24995.00    24965.00    24975.00    105         
168   2026-03-31 23:25:00 24975.00    24980.00    24960.00    24975.00    31          
169   2026-03-31 23:30:00 24980.00    24980.00    24950.00    24955.00    9           
170   2026-03-31 23:35:00 24955.00    24970.00    24950.00    24970.00    1           
171   2026-03-31 23:40:00 24970.00    24975.00    24960.00    24965.00    2           
172   2026-03-31 23:45:00 24965.00    24965.00    24955.00    24965.00    4           
173   2026-03-31 23:50:00 24965.00    24965.00    24955.00    24960.00    2           
174   2026-03-31 23:55:00 24960.00    24970.00    24955.00    24955.00    3           

----------------------------------------------------------------------------------------------------

====================================================================================================
【4/20】合约: zn2605
====================================================================================================
  数据条数: 174
  时间范围: 2026-03-30 00:00:00 至 2026-03-31 23:55:00

----------------------------------------------------------------------------------------------------
序号    时间                  开盘价         最高价         最低价         收盘价         成交量         
----------------------------------------------------------------------------------------------------
1     2026-03-30 00:00:00 23345.00    23375.00    23310.00    23370.00    3297        
2     2026-03-30 09:05:00 23300.00    23410.00    23300.00    23400.00    4975        
3     2026-03-30 09:10:00 23400.00    23425.00    23395.00    23405.00    1904        
4     2026-03-30 09:15:00 23405.00    23440.00    23405.00    23435.00    1821        
5     2026-03-30 09:20:00 23420.00    23470.00    23420.00    23455.00    2276        
6     2026-03-30 09:25:00 23455.00    23495.00    23450.00    23470.00    1766        
7     2026-03-30 09:30:00 23470.00    23485.00    23450.00    23485.00    1411        
8     2026-03-30 09:35:00 23485.00    23555.00    23475.00    23550.00    4201        
9     2026-03-30 09:40:00 23550.00    23555.00    23515.00    23530.00    1917        
10    2026-03-30 09:45:00 23530.00    23565.00    23530.00    23550.00    1795        
11    2026-03-30 09:50:00 23555.00    23575.00    23540.00    23555.00    2034        
12    2026-03-30 09:55:00 23555.00    23560.00    23525.00    23540.00    1293        
13    2026-03-30 10:00:00 23545.00    23565.00    23535.00    23555.00    1086        
14    2026-03-30 10:05:00 23555.00    23555.00    23515.00    23525.00    1993        
15    2026-03-30 10:10:00 23525.00    23575.00    23525.00    23570.00    1673        
16    2026-03-30 10:15:00 23570.00    23570.00    23520.00    23525.00    2400        
17    2026-03-30 10:35:00 23520.00    23530.00    23495.00    23510.00    3029        
18    2026-03-30 10:40:00 23495.00    23510.00    23490.00    23495.00    129         
19    2026-03-30 10:45:00 23495.00    23520.00    23470.00    23520.00    1579        
20    2026-03-30 10:50:00 23515.00    23530.00    23505.00    23525.00    1338        
21    2026-03-30 10:55:00 23520.00    23530.00    23505.00    23510.00    1153        
22    2026-03-30 11:00:00 23510.00    23510.00    23495.00    23505.00    681         
23    2026-03-30 11:05:00 23505.00    23535.00    23505.00    23535.00    673         
24    2026-03-30 11:10:00 23540.00    23545.00    23525.00    23535.00    1025        
25    2026-03-30 11:15:00 23530.00    23545.00    23520.00    23520.00    915         
26    2026-03-30 11:20:00 23525.00    23530.00    23510.00    23525.00    512         
27    2026-03-30 11:25:00 23535.00    23540.00    23525.00    23525.00    339         
28    2026-03-30 11:30:00 23525.00    23535.00    23515.00    23530.00    455         
29    2026-03-30 13:35:00 23540.00    23545.00    23515.00    23520.00    1099        
30    2026-03-30 13:40:00 23495.00    23520.00    23480.00    23480.00    1017        
31    2026-03-30 13:45:00 23480.00    23490.00    23475.00    23485.00    674         
32    2026-03-30 13:50:00 23490.00    23515.00    23480.00    23510.00    907         
33    2026-03-30 13:55:00 23515.00    23525.00    23510.00    23520.00    692         
34    2026-03-30 14:00:00 23520.00    23535.00    23515.00    23525.00    586         
35    2026-03-30 14:05:00 23525.00    23535.00    23510.00    23530.00    980         
36    2026-03-30 14:10:00 23530.00    23545.00    23525.00    23535.00    661         
37    2026-03-30 14:15:00 23540.00    23560.00    23530.00    23540.00    1151        
38    2026-03-30 14:20:00 23540.00    23545.00    23530.00    23540.00    521         
39    2026-03-30 14:25:00 23540.00    23540.00    23525.00    23525.00    429         
40    2026-03-30 14:30:00 23530.00    23545.00    23530.00    23540.00    477         
41    2026-03-30 14:35:00 23540.00    23545.00    23525.00    23535.00    879         
42    2026-03-30 14:40:00 23535.00    23540.00    23510.00    23520.00    318         
43    2026-03-30 14:45:00 23520.00    23540.00    23515.00    23530.00    845         
44    2026-03-30 14:50:00 23530.00    23555.00    23530.00    23550.00    911         
45    2026-03-30 14:55:00 23550.00    23555.00    23530.00    23530.00    1436        
46    2026-03-30 15:00:00 23530.00    23545.00    23520.00    23540.00    55          
47    2026-03-30 21:05:00 23630.00    23640.00    23600.00    23615.00    5871        
48    2026-03-30 21:10:00 23615.00    23635.00    23585.00    23590.00    3414        
49    2026-03-30 21:15:00 23590.00    23605.00    23570.00    23575.00    1645        
50    2026-03-30 21:20:00 23570.00    23615.00    23570.00    23610.00    1652        
51    2026-03-30 21:25:00 23610.00    23630.00    23610.00    23615.00    1075        
52    2026-03-30 21:30:00 23615.00    23615.00    23600.00    23605.00    783         
53    2026-03-30 21:35:00 23605.00    23630.00    23600.00    23620.00    992         
54    2026-03-30 21:40:00 23620.00    23625.00    23595.00    23605.00    928         
55    2026-03-30 21:45:00 23605.00    23605.00    23560.00    23565.00    1853        
56    2026-03-30 21:50:00 23565.00    23580.00    23525.00    23535.00    1602        
57    2026-03-30 21:55:00 23540.00    23560.00    23530.00    23535.00    1542        
58    2026-03-30 22:00:00 23535.00    23540.00    23515.00    23530.00    1410        
59    2026-03-30 22:05:00 23530.00    23575.00    23530.00    23575.00    804         
60    2026-03-30 22:10:00 23575.00    23585.00    23555.00    23585.00    854         
61    2026-03-30 22:15:00 23580.00    23595.00    23580.00    23590.00    689         
62    2026-03-30 22:20:00 23590.00    23600.00    23575.00    23585.00    698         
63    2026-03-30 22:25:00 23585.00    23590.00    23570.00    23580.00    399         
64    2026-03-30 22:30:00 23580.00    23580.00    23570.00    23575.00    319         
65    2026-03-30 22:35:00 23575.00    23590.00    23575.00    23585.00    561         
66    2026-03-30 22:40:00 23585.00    23625.00    23575.00    23615.00    779         
67    2026-03-30 22:45:00 23620.00    23640.00    23615.00    23625.00    1587        
68    2026-03-30 22:50:00 23625.00    23660.00    23625.00    23640.00    2143        
69    2026-03-30 22:55:00 23635.00    23640.00    23615.00    23630.00    751         
70    2026-03-30 23:00:00 23630.00    23630.00    23620.00    23630.00    510         
71    2026-03-30 23:05:00 23630.00    23640.00    23620.00    23625.00    552         
72    2026-03-30 23:10:00 23625.00    23630.00    23610.00    23615.00    355         
73    2026-03-30 23:15:00 23615.00    23620.00    23605.00    23605.00    271         
74    2026-03-30 23:20:00 23605.00    23610.00    23605.00    23610.00    265         
75    2026-03-30 23:25:00 23610.00    23625.00    23610.00    23625.00    342         
76    2026-03-30 23:30:00 23625.00    23635.00    23620.00    23625.00    336         
77    2026-03-30 23:35:00 23625.00    23640.00    23615.00    23635.00    337         
78    2026-03-30 23:40:00 23635.00    23640.00    23630.00    23640.00    208         
79    2026-03-30 23:45:00 23640.00    23645.00    23635.00    23640.00    148         
80    2026-03-30 23:50:00 23640.00    23650.00    23640.00    23645.00    296         
81    2026-03-30 23:55:00 23645.00    23650.00    23640.00    23645.00    355         
82    2026-03-31 00:00:00 23645.00    23645.00    23630.00    23630.00    264         
83    2026-03-31 00:05:00 23630.00    23635.00    23615.00    23620.00    434         
84    2026-03-31 00:10:00 23625.00    23630.00    23620.00    23625.00    154         
85    2026-03-31 00:15:00 23625.00    23630.00    23625.00    23630.00    41          
86    2026-03-31 00:20:00 23630.00    23635.00    23625.00    23625.00    106         
87    2026-03-31 00:25:00 23625.00    23640.00    23625.00    23640.00    93          
88    2026-03-31 00:30:00 23635.00    23640.00    23635.00    23640.00    83          
89    2026-03-31 00:35:00 23640.00    23650.00    23640.00    23645.00    164         
90    2026-03-31 00:40:00 23645.00    23645.00    23635.00    23640.00    101         
91    2026-03-31 00:45:00 23640.00    23645.00    23630.00    23640.00    204         
92    2026-03-31 00:50:00 23640.00    23640.00    23625.00    23630.00    164         
93    2026-03-31 00:55:00 23630.00    23635.00    23615.00    23630.00    452         
94    2026-03-31 01:00:00 23630.00    23650.00    23625.00    23650.00    390         
95    2026-03-31 09:05:00 23655.00    23655.00    23595.00    23610.00    2786        
96    2026-03-31 09:10:00 23605.00    23640.00    23550.00    23585.00    5202        
97    2026-03-31 09:15:00 23585.00    23590.00    23550.00    23565.00    1722        
98    2026-03-31 09:20:00 23565.00    23610.00    23565.00    23605.00    1424        
99    2026-03-31 09:25:00 23595.00    23605.00    23560.00    23575.00    1582        
100   2026-03-31 09:30:00 23575.00    23580.00    23525.00    23555.00    2113        
101   2026-03-31 09:35:00 23575.00    23585.00    23550.00    23565.00    1329        
102   2026-03-31 09:40:00 23565.00    23590.00    23560.00    23585.00    1045        
103   2026-03-31 09:45:00 23585.00    23610.00    23575.00    23575.00    1577        
104   2026-03-31 09:50:00 23575.00    23580.00    23550.00    23565.00    1555        
105   2026-03-31 09:55:00 23580.00    23600.00    23560.00    23600.00    1022        
106   2026-03-31 10:00:00 23595.00    23600.00    23575.00    23595.00    1515        
107   2026-03-31 10:05:00 23580.00    23595.00    23545.00    23560.00    1630        
108   2026-03-31 10:10:00 23555.00    23570.00    23545.00    23565.00    1202        
109   2026-03-31 10:15:00 23565.00    23575.00    23530.00    23535.00    1330        
110   2026-03-31 10:35:00 23535.00    23540.00    23525.00    23535.00    2290        
111   2026-03-31 10:40:00 23530.00    23550.00    23525.00    23545.00    920         
112   2026-03-31 10:45:00 23535.00    23545.00    23520.00    23530.00    1035        
113   2026-03-31 10:50:00 23530.00    23530.00    23505.00    23510.00    1636        
114   2026-03-31 10:55:00 23550.00    23555.00    23510.00    23555.00    946         
115   2026-03-31 11:00:00 23550.00    23555.00    23540.00    23540.00    644         
116   2026-03-31 11:05:00 23525.00    23540.00    23505.00    23525.00    999         
117   2026-03-31 11:10:00 23520.00    23535.00    23505.00    23510.00    96          
118   2026-03-31 11:15:00 23510.00    23520.00    23500.00    23500.00    664         
119   2026-03-31 11:20:00 23500.00    23515.00    23495.00    23505.00    618         
120   2026-03-31 11:25:00 23505.00    23515.00    23480.00    23490.00    1209        
121   2026-03-31 11:30:00 23490.00    23505.00    23485.00    23495.00    924         
122   2026-03-31 13:35:00 23470.00    23510.00    23470.00    23510.00    1869        
123   2026-03-31 13:40:00 23505.00    23515.00    23470.00    23480.00    1584        
124   2026-03-31 13:45:00 23480.00    23485.00    23460.00    23480.00    1286        
125   2026-03-31 13:50:00 23480.00    23510.00    23475.00    23500.00    229         
126   2026-03-31 13:55:00 23500.00    23510.00    23490.00    23495.00    115         
127   2026-03-31 14:00:00 23495.00    23510.00    23485.00    23510.00    875         
128   2026-03-31 14:05:00 23510.00    23520.00    23495.00    23500.00    666         
129   2026-03-31 14:10:00 23500.00    23500.00    23490.00    23495.00    391         
130   2026-03-31 14:15:00 23500.00    23505.00    23485.00    23490.00    1089        
131   2026-03-31 14:20:00 23490.00    23495.00    23480.00    23490.00    2           
132   2026-03-31 14:25:00 23490.00    23505.00    23485.00    23500.00    993         
133   2026-03-31 14:30:00 23500.00    23500.00    23490.00    23500.00    474         
134   2026-03-31 14:35:00 23500.00    23510.00    23490.00    23505.00    108         
135   2026-03-31 14:40:00 23505.00    23510.00    23500.00    23510.00    681         
136   2026-03-31 14:45:00 23510.00    23515.00    23480.00    23480.00    13          
137   2026-03-31 14:50:00 23480.00    23485.00    23460.00    23465.00    1016        
138   2026-03-31 14:55:00 23465.00    23480.00    23465.00    23475.00    3           
139   2026-03-31 15:00:00 23475.00    23480.00    23470.00    23480.00    335         
140   2026-03-31 21:05:00 23550.00    23610.00    23535.00    23575.00    7561        
141   2026-03-31 21:10:00 23575.00    23575.00    23530.00    23560.00    2727        
142   2026-03-31 21:15:00 23560.00    23565.00    23535.00    23560.00    1806        
143   2026-03-31 21:20:00 23560.00    23565.00    23530.00    23540.00    1197        
144   2026-03-31 21:25:00 23540.00    23550.00    23535.00    23535.00    914         
145   2026-03-31 21:30:00 23535.00    23540.00    23525.00    23540.00    716         
146   2026-03-31 21:35:00 23540.00    23565.00    23540.00    23565.00    1104        
147   2026-03-31 21:40:00 23565.00    23565.00    23530.00    23535.00    838         
148   2026-03-31 21:45:00 23535.00    23550.00    23520.00    23525.00    736         
149   2026-03-31 21:50:00 23525.00    23540.00    23520.00    23540.00    567         
150   2026-03-31 21:55:00 23540.00    23550.00    23530.00    23540.00    429         
151   2026-03-31 22:00:00 23540.00    23560.00    23535.00    23555.00    633         
152   2026-03-31 22:05:00 23555.00    23595.00    23555.00    23580.00    1402        
153   2026-03-31 22:10:00 23580.00    23590.00    23565.00    23580.00    791         
154   2026-03-31 22:15:00 23580.00    23595.00    23570.00    23590.00    546         
155   2026-03-31 22:20:00 23590.00    23600.00    23575.00    23595.00    539         
156   2026-03-31 22:25:00 23595.00    23630.00    23585.00    23625.00    1279        
157   2026-03-31 22:30:00 23625.00    23630.00    23615.00    23615.00    778         
158   2026-03-31 22:35:00 23615.00    23630.00    23610.00    23610.00    1074        
159   2026-03-31 22:40:00 23610.00    23610.00    23590.00    23600.00    234         
160   2026-03-31 22:45:00 23600.00    23600.00    23580.00    23590.00    501         
161   2026-03-31 22:50:00 23590.00    23600.00    23575.00    23575.00    580         
162   2026-03-31 22:55:00 23575.00    23590.00    23565.00    23580.00    449         
163   2026-03-31 23:00:00 23580.00    23590.00    23580.00    23590.00    15          
164   2026-03-31 23:05:00 23585.00    23605.00    23585.00    23595.00    1           
165   2026-03-31 23:10:00 23600.00    23610.00    23590.00    23600.00    27          
166   2026-03-31 23:15:00 23600.00    23615.00    23600.00    23615.00    1           
167   2026-03-31 23:20:00 23615.00    23635.00    23610.00    23625.00    3           
168   2026-03-31 23:25:00 23625.00    23630.00    23620.00    23620.00    3           
169   2026-03-31 23:30:00 23620.00    23620.00    23600.00    23615.00    22          
170   2026-03-31 23:35:00 23615.00    23635.00    23605.00    23635.00    6           
171   2026-03-31 23:40:00 23630.00    23655.00    23630.00    23640.00    5           
172   2026-03-31 23:45:00 23640.00    23655.00    23635.00    23635.00    4           
173   2026-03-31 23:50:00 23635.00    23645.00    23630.00    23630.00    1           
174   2026-03-31 23:55:00 23630.00    23640.00    23630.00    23630.00    3           

----------------------------------------------------------------------------------------------------

====================================================================================================
【5/20】合约: TA605
====================================================================================================
  ⚠ 该合约在指定时间范围内没有数据


====================================================================================================
【6/20】合约: AP605
====================================================================================================
  ⚠ 该合约在指定时间范围内没有数据


====================================================================================================
【7/20】合约: FG605
====================================================================================================
  ⚠ 该合约在指定时间范围内没有数据


====================================================================================================
【8/20】合约: SM605
====================================================================================================
  ⚠ 该合约在指定时间范围内没有数据


====================================================================================================
【9/20】合约: j2605
====================================================================================================
  数据条数: 138
  时间范围: 2026-03-30 09:05:00 至 2026-03-31 23:00:00

----------------------------------------------------------------------------------------------------
序号    时间                  开盘价         最高价         最低价         收盘价         成交量         
----------------------------------------------------------------------------------------------------
1     2026-03-30 09:05:00 1770.00     1773.50     1759.00     1763.00     1340        
2     2026-03-30 09:10:00 1764.00     1764.50     1756.00     1764.00     297         
3     2026-03-30 09:15:00 1762.50     1772.00     1762.00     1768.50     465         
4     2026-03-30 09:20:00 1763.00     1769.50     1761.00     1764.50     276         
5     2026-03-30 09:25:00 1765.50     1765.50     1762.50     1764.50     134         
6     2026-03-30 09:30:00 1763.50     1765.00     1762.50     1763.50     68          
7     2026-03-30 09:35:00 1765.50     1766.00     1761.00     1761.50     79          
8     2026-03-30 09:40:00 1759.00     1761.50     1757.50     1758.00     180         
9     2026-03-30 09:45:00 1758.00     1760.00     1756.00     1758.00     155         
10    2026-03-30 09:50:00 1757.00     1758.50     1753.50     1756.00     148         
11    2026-03-30 09:55:00 1755.00     1756.50     1750.50     1755.00     237         
12    2026-03-30 10:00:00 1754.50     1755.50     1751.50     1755.00     165         
13    2026-03-30 10:05:00 1755.00     1755.00     1751.50     1754.00     87          
14    2026-03-30 10:10:00 1753.00     1755.00     1751.50     1754.00     107         
15    2026-03-30 10:15:00 1754.00     1757.00     1753.50     1757.00     91          
16    2026-03-30 10:35:00 1757.00     1758.50     1753.00     1755.50     190         
17    2026-03-30 10:40:00 1756.50     1757.00     1754.00     1757.00     158         
18    2026-03-30 10:45:00 1757.00     1760.50     1755.50     1759.50     164         
19    2026-03-30 10:50:00 1759.00     1759.50     1755.00     1758.00     258         
20    2026-03-30 10:55:00 1758.50     1759.00     1755.50     1758.00     95          
21    2026-03-30 11:00:00 1753.50     1758.00     1752.00     1753.50     171         
22    2026-03-30 11:05:00 1753.00     1756.50     1752.50     1755.50     137         
23    2026-03-30 11:10:00 1753.00     1755.50     1752.00     1753.50     77          
24    2026-03-30 11:15:00 1753.50     1757.00     1751.50     1754.50     107         
25    2026-03-30 11:20:00 1756.00     1756.50     1752.00     1754.00     73          
26    2026-03-30 11:25:00 1752.50     1755.50     1752.50     1752.50     59          
27    2026-03-30 11:30:00 1752.50     1753.50     1749.00     1750.00     246         
28    2026-03-30 13:35:00 1751.00     1756.50     1749.00     1756.00     209         
29    2026-03-30 13:40:00 1752.00     1757.00     1750.00     1750.00     212         
30    2026-03-30 13:45:00 1751.00     1755.50     1750.00     1755.50     66          
31    2026-03-30 13:50:00 1755.00     1756.00     1752.50     1752.50     58          
32    2026-03-30 13:55:00 1752.50     1753.50     1750.00     1751.00     140         
33    2026-03-30 14:00:00 1750.00     1752.00     1749.50     1752.00     120         
34    2026-03-30 14:05:00 1751.50     1753.50     1750.50     1752.50     80          
35    2026-03-30 14:10:00 1752.50     1753.50     1751.50     1753.00     41          
36    2026-03-30 14:15:00 1753.50     1753.50     1751.00     1753.00     42          
37    2026-03-30 14:20:00 1752.00     1753.00     1750.50     1751.00     82          
38    2026-03-30 14:25:00 1751.00     1752.50     1750.50     1751.50     76          
39    2026-03-30 14:30:00 1751.50     1754.50     1751.00     1753.00     84          
40    2026-03-30 14:35:00 1754.00     1754.00     1751.00     1751.50     59          
41    2026-03-30 14:40:00 1751.50     1751.50     1746.00     1748.00     294         
42    2026-03-30 14:45:00 1748.00     1750.50     1748.00     1750.50     107         
43    2026-03-30 14:50:00 1750.50     1755.00     1748.50     1754.00     320         
44    2026-03-30 14:55:00 1754.00     1757.00     1753.50     1756.50     354         
45    2026-03-30 15:00:00 1755.00     1756.50     1753.00     1753.50     13          
46    2026-03-30 21:05:00 1756.00     1756.00     1723.50     1734.50     3510        
47    2026-03-30 21:10:00 1733.00     1738.50     1730.50     1732.50     696         
48    2026-03-30 21:15:00 1731.50     1732.50     1724.50     1725.50     735         
49    2026-03-30 21:20:00 1724.00     1727.00     1723.00     1726.50     624         
50    2026-03-30 21:25:00 1726.50     1731.00     1726.00     1728.50     532         
51    2026-03-30 21:30:00 1729.00     1731.00     1727.00     1727.00     194         
52    2026-03-30 21:35:00 1727.00     1728.00     1722.00     1723.50     436         
53    2026-03-30 21:40:00 1724.50     1728.50     1723.50     1727.50     205         
54    2026-03-30 21:45:00 1727.50     1732.00     1727.50     1732.00     188         
55    2026-03-30 21:50:00 1731.00     1732.00     1730.00     1731.00     104         
56    2026-03-30 21:55:00 1730.50     1734.50     1730.00     1734.00     159         
57    2026-03-30 22:00:00 1734.00     1737.00     1733.00     1735.50     218         
58    2026-03-30 22:05:00 1735.00     1737.00     1734.00     1735.50     134         
59    2026-03-30 22:10:00 1735.50     1735.50     1733.50     1734.00     121         
60    2026-03-30 22:15:00 1734.00     1734.00     1732.00     1732.50     123         
61    2026-03-30 22:20:00 1732.50     1736.50     1730.00     1735.00     170         
62    2026-03-30 22:25:00 1735.00     1736.00     1734.50     1735.00     39          
63    2026-03-30 22:30:00 1735.00     1735.50     1734.00     1734.00     30          
64    2026-03-30 22:35:00 1733.50     1735.00     1732.00     1735.00     43          
65    2026-03-30 22:40:00 1735.00     1736.00     1735.00     1735.00     41          
66    2026-03-30 22:45:00 1735.00     1736.00     1734.00     1735.50     53          
67    2026-03-30 22:50:00 1735.50     1735.50     1732.50     1732.50     56          
68    2026-03-30 22:55:00 1732.50     1734.50     1732.50     1733.00     58          
69    2026-03-30 23:00:00 1733.00     1735.00     1732.00     1733.00     102         
70    2026-03-31 09:05:00 1736.00     1737.50     1730.50     1730.50     263         
71    2026-03-31 09:10:00 1730.00     1733.50     1728.00     1733.50     212         
72    2026-03-31 09:15:00 1733.00     1734.00     1727.50     1728.00     218         
73    2026-03-31 09:20:00 1728.50     1730.50     1723.00     1724.00     438         
74    2026-03-31 09:25:00 1725.00     1725.00     1720.50     1721.00     550         
75    2026-03-31 09:30:00 1721.00     1721.00     1706.50     1706.50     1276        
76    2026-03-31 09:35:00 1707.00     1709.50     1702.00     1707.00     977         
77    2026-03-31 09:40:00 1707.50     1709.00     1705.50     1706.00     419         
78    2026-03-31 09:45:00 1706.00     1707.50     1703.00     1703.50     454         
79    2026-03-31 09:50:00 1704.50     1706.50     1703.00     1703.50     369         
80    2026-03-31 09:55:00 1705.50     1706.50     1702.00     1706.00     264         
81    2026-03-31 10:00:00 1705.00     1713.00     1704.00     1711.50     405         
82    2026-03-31 10:05:00 1709.00     1711.50     1706.50     1711.00     238         
83    2026-03-31 10:10:00 1710.00     1711.00     1705.50     1706.50     105         
84    2026-03-31 10:15:00 1706.50     1711.50     1706.00     1711.50     132         
85    2026-03-31 10:35:00 1711.50     1713.00     1708.50     1712.00     13          
86    2026-03-31 10:40:00 1712.00     1716.50     1711.00     1715.50     247         
87    2026-03-31 10:45:00 1715.50     1717.00     1712.50     1715.50     219         
88    2026-03-31 10:50:00 1715.50     1716.50     1710.50     1711.50     94          
89    2026-03-31 10:55:00 1709.00     1712.00     1709.00     1710.00     93          
90    2026-03-31 11:00:00 1710.50     1711.00     1708.50     1708.50     56          
91    2026-03-31 11:05:00 1708.50     1708.50     1705.50     1706.00     163         
92    2026-03-31 11:10:00 1706.00     1708.00     1706.00     1707.50     73          
93    2026-03-31 11:15:00 1707.50     1709.50     1707.00     1708.00     102         
94    2026-03-31 11:20:00 1708.00     1708.00     1706.50     1707.00     45          
95    2026-03-31 11:25:00 1707.50     1708.50     1706.00     1708.00     77          
96    2026-03-31 11:30:00 1708.50     1709.00     1705.00     1705.00     197         
97    2026-03-31 13:35:00 1708.50     1711.00     1707.50     1708.50     236         
98    2026-03-31 13:40:00 1708.50     1712.00     1708.50     1710.00     113         
99    2026-03-31 13:45:00 1710.00     1710.00     1705.50     1706.50     172         
100   2026-03-31 13:50:00 1706.50     1708.50     1706.00     1707.50     161         
101   2026-03-31 13:55:00 1707.50     1709.00     1707.00     1707.50     86          
102   2026-03-31 14:00:00 1707.00     1707.00     1703.00     1704.50     197         
103   2026-03-31 14:05:00 1704.50     1706.00     1702.50     1704.50     187         
104   2026-03-31 14:10:00 1704.50     1705.00     1700.00     1703.50     13          
105   2026-03-31 14:15:00 1703.00     1706.50     1702.00     1706.00     128         
106   2026-03-31 14:20:00 1705.50     1707.00     1702.00     1707.00     8           
107   2026-03-31 14:25:00 1707.00     1707.00     1703.50     1705.50     14          
108   2026-03-31 14:30:00 1705.50     1706.50     1703.50     1706.50     86          
109   2026-03-31 14:35:00 1707.00     1709.00     1706.00     1707.50     132         
110   2026-03-31 14:40:00 1707.50     1709.00     1705.00     1709.00     146         
111   2026-03-31 14:45:00 1709.00     1711.00     1706.00     1706.00     20          
112   2026-03-31 14:50:00 1706.00     1707.50     1702.00     1702.50     91          
113   2026-03-31 14:55:00 1702.50     1704.00     1701.00     1701.50     8           
114   2026-03-31 15:00:00 1701.50     1702.50     1700.50     1701.50     5           
115   2026-03-31 21:05:00 1707.00     1707.50     1697.00     1701.50     2244        
116   2026-03-31 21:10:00 1701.50     1707.00     1701.50     1704.50     712         
117   2026-03-31 21:15:00 1704.50     1708.50     1701.00     1705.00     362         
118   2026-03-31 21:20:00 1705.00     1709.00     1703.50     1707.50     352         
119   2026-03-31 21:25:00 1707.50     1708.50     1705.50     1708.00     305         
120   2026-03-31 21:30:00 1708.00     1710.50     1705.50     1705.50     304         
121   2026-03-31 21:35:00 1705.50     1705.50     1700.00     1700.50     199         
122   2026-03-31 21:40:00 1699.50     1702.00     1698.50     1699.50     173         
123   2026-03-31 21:45:00 1699.50     1702.00     1699.50     1701.50     124         
124   2026-03-31 21:50:00 1701.50     1702.50     1700.00     1701.50     55          
125   2026-03-31 21:55:00 1702.00     1702.50     1700.00     1700.50     78          
126   2026-03-31 22:00:00 1700.00     1704.00     1699.00     1701.00     140         
127   2026-03-31 22:05:00 1701.00     1703.00     1700.50     1702.50     54          
128   2026-03-31 22:10:00 1701.50     1702.50     1701.00     1702.00     57          
129   2026-03-31 22:15:00 1702.00     1704.00     1702.00     1703.00     93          
130   2026-03-31 22:20:00 1703.00     1706.00     1702.00     1704.00     66          
131   2026-03-31 22:25:00 1705.00     1706.00     1703.50     1703.50     30          
132   2026-03-31 22:30:00 1703.50     1705.00     1703.00     1704.00     36          
133   2026-03-31 22:35:00 1704.00     1705.50     1703.50     1703.50     33          
134   2026-03-31 22:40:00 1703.50     1707.50     1703.50     1705.50     47          
135   2026-03-31 22:45:00 1705.50     1706.00     1702.00     1702.00     60          
136   2026-03-31 22:50:00 1702.00     1705.50     1701.50     1705.00     14          
137   2026-03-31 22:55:00 1704.00     1705.00     1704.00     1704.50     1           
138   2026-03-31 23:00:00 1704.00     1707.00     1703.50     1703.50     14          

----------------------------------------------------------------------------------------------------

====================================================================================================
【10/20】合约: ec2606
====================================================================================================
  数据条数: 90
  时间范围: 2026-03-30 09:05:00 至 2026-03-31 15:00:00

----------------------------------------------------------------------------------------------------
序号    时间                  开盘价         最高价         最低价         收盘价         成交量         
----------------------------------------------------------------------------------------------------
1     2026-03-30 09:05:00 2500.00     2598.90     2500.00     2560.10     4526        
2     2026-03-30 09:10:00 2564.50     2607.80     2542.60     2605.30     1813        
3     2026-03-30 09:15:00 2606.00     2638.80     2600.10     2613.10     2448        
4     2026-03-30 09:20:00 2618.00     2636.00     2582.30     2613.80     1442        
5     2026-03-30 09:25:00 2613.00     2619.00     2596.50     2605.50     856         
6     2026-03-30 09:30:00 2585.00     2608.00     2571.60     2599.00     998         
7     2026-03-30 09:35:00 2602.40     2612.00     2574.00     2581.40     688         
8     2026-03-30 09:40:00 2580.80     2581.40     2556.10     2575.70     715         
9     2026-03-30 09:45:00 2574.90     2587.00     2556.10     2583.90     694         
10    2026-03-30 09:50:00 2583.80     2585.70     2552.00     2555.90     401         
11    2026-03-30 09:55:00 2563.70     2577.80     2556.90     2573.90     312         
12    2026-03-30 10:00:00 2572.90     2588.00     2561.10     2585.00     336         
13    2026-03-30 10:05:00 2585.00     2599.80     2585.00     2593.70     563         
14    2026-03-30 10:10:00 2593.70     2599.20     2572.60     2582.00     380         
15    2026-03-30 10:15:00 2582.00     2595.10     2580.10     2595.00     217         
16    2026-03-30 10:35:00 2595.00     2605.00     2561.60     2572.30     651         
17    2026-03-30 10:40:00 2571.70     2581.80     2561.20     2574.10     335         
18    2026-03-30 10:45:00 2574.10     2579.80     2563.60     2573.80     219         
19    2026-03-30 10:50:00 2571.10     2575.00     2562.20     2563.20     263         
20    2026-03-30 10:55:00 2555.10     2564.90     2540.50     2556.70     245         
21    2026-03-30 11:00:00 2556.40     2558.10     2542.00     2557.90     290         
22    2026-03-30 11:05:00 2556.80     2559.30     2519.40     2522.00     708         
23    2026-03-30 11:10:00 2524.50     2534.90     2501.10     2521.20     803         
24    2026-03-30 11:15:00 2530.00     2547.80     2520.50     2546.80     429         
25    2026-03-30 11:20:00 2544.00     2549.00     2525.40     2530.00     227         
26    2026-03-30 11:25:00 2529.00     2533.00     2517.30     2520.00     224         
27    2026-03-30 11:30:00 2520.00     2535.30     2516.00     2528.00     247         
28    2026-03-30 13:35:00 2520.00     2539.50     2519.00     2537.30     446         
29    2026-03-30 13:40:00 2541.80     2544.90     2533.50     2543.20     246         
30    2026-03-30 13:45:00 2541.90     2560.00     2541.90     2559.10     284         
31    2026-03-30 13:50:00 2559.10     2560.00     2545.90     2545.90     265         
32    2026-03-30 13:55:00 2545.00     2545.90     2536.80     2537.90     182         
33    2026-03-30 14:00:00 2537.20     2540.00     2521.50     2529.10     232         
34    2026-03-30 14:05:00 2529.10     2535.00     2526.80     2532.00     140         
35    2026-03-30 14:10:00 2532.00     2534.50     2527.00     2527.10     121         
36    2026-03-30 14:15:00 2525.80     2539.50     2525.40     2534.50     171         
37    2026-03-30 14:20:00 2534.50     2559.60     2534.50     2543.00     354         
38    2026-03-30 14:25:00 2543.00     2548.00     2538.10     2538.10     139         
39    2026-03-30 14:30:00 2538.00     2542.10     2531.10     2541.10     138         
40    2026-03-30 14:35:00 2541.10     2541.10     2526.60     2530.10     262         
41    2026-03-30 14:40:00 2530.10     2538.00     2525.00     2537.90     143         
42    2026-03-30 14:45:00 2538.00     2538.00     2523.00     2528.00     206         
43    2026-03-30 14:50:00 2528.00     2534.30     2525.00     2530.00     170         
44    2026-03-30 14:55:00 2528.80     2530.00     2508.00     2530.00     31          
45    2026-03-30 15:00:00 2530.00     2532.30     2518.50     2532.30     69          
46    2026-03-31 09:05:00 2538.00     2545.00     2503.60     2535.30     1844        
47    2026-03-31 09:10:00 2535.30     2538.30     2459.80     2485.10     1601        
48    2026-03-31 09:15:00 2485.10     2495.40     2460.00     2460.10     1105        
49    2026-03-31 09:20:00 2460.00     2464.50     2440.10     2445.10     1150        
50    2026-03-31 09:25:00 2445.10     2461.70     2445.00     2457.00     536         
51    2026-03-31 09:30:00 2457.00     2458.50     2410.00     2418.00     773         
52    2026-03-31 09:35:00 2422.00     2429.90     2403.20     2429.90     1217        
53    2026-03-31 09:40:00 2429.90     2431.90     2412.60     2427.80     527         
54    2026-03-31 09:45:00 2422.40     2428.20     2393.00     2393.00     542         
55    2026-03-31 09:50:00 2398.00     2404.10     2370.00     2403.00     1039        
56    2026-03-31 09:55:00 2398.00     2409.40     2393.80     2404.20     351         
57    2026-03-31 10:00:00 2398.10     2406.30     2387.20     2396.40     392         
58    2026-03-31 10:05:00 2403.40     2417.30     2396.90     2410.70     341         
59    2026-03-31 10:10:00 2410.70     2412.30     2397.70     2401.70     183         
60    2026-03-31 10:15:00 2401.50     2422.90     2400.70     2417.00     266         
61    2026-03-31 10:35:00 2417.00     2427.60     2406.20     2406.40     438         
62    2026-03-31 10:40:00 2406.40     2410.60     2397.60     2403.40     212         
63    2026-03-31 10:45:00 2403.40     2404.20     2390.00     2391.90     242         
64    2026-03-31 10:50:00 2399.20     2403.80     2391.80     2392.10     252         
65    2026-03-31 10:55:00 2392.10     2392.80     2383.50     2385.00     292         
66    2026-03-31 11:00:00 2385.00     2385.00     2358.00     2374.60     805         
67    2026-03-31 11:05:00 2374.60     2381.70     2365.10     2373.30     156         
68    2026-03-31 11:10:00 2373.30     2382.00     2371.10     2375.50     256         
69    2026-03-31 11:15:00 2375.50     2389.80     2375.50     2382.60     198         
70    2026-03-31 11:20:00 2382.50     2385.00     2377.00     2377.50     78          
71    2026-03-31 11:25:00 2377.00     2395.20     2377.00     2395.10     153         
72    2026-03-31 11:30:00 2395.10     2416.60     2395.10     2407.80     435         
73    2026-03-31 13:35:00 2408.00     2426.00     2385.00     2402.00     526         
74    2026-03-31 13:40:00 2400.10     2403.00     2387.90     2398.80     247         
75    2026-03-31 13:45:00 2398.80     2408.10     2390.00     2404.50     219         
76    2026-03-31 13:50:00 2404.50     2409.10     2396.10     2397.70     156         
77    2026-03-31 13:55:00 2395.00     2400.00     2388.00     2395.00     168         
78    2026-03-31 14:00:00 2395.00     2396.30     2389.90     2393.50     81          
79    2026-03-31 14:05:00 2393.50     2393.50     2381.60     2383.00     259         
80    2026-03-31 14:10:00 2383.00     2387.30     2381.70     2383.00     108         
81    2026-03-31 14:15:00 2383.00     2387.00     2383.00     2387.00     61          
82    2026-03-31 14:20:00 2387.00     2388.00     2383.00     2385.80     3           
83    2026-03-31 14:25:00 2388.10     2388.30     2350.20     2367.90     859         
84    2026-03-31 14:30:00 2367.90     2386.90     2362.80     2378.60     318         
85    2026-03-31 14:35:00 2378.60     2394.20     2378.60     2388.60     17          
86    2026-03-31 14:40:00 2388.60     2394.10     2387.20     2391.70     114         
87    2026-03-31 14:45:00 2391.70     2395.00     2388.10     2389.50     9           
88    2026-03-31 14:50:00 2389.60     2397.50     2388.00     2397.50     100         
89    2026-03-31 14:55:00 2398.00     2398.00     2388.10     2392.90     2           
90    2026-03-31 15:00:00 2392.90     2394.10     2390.50     2394.10     7           

----------------------------------------------------------------------------------------------------

====================================================================================================
【11/20】合约: si2605
====================================================================================================
  数据条数: 90
  时间范围: 2026-03-30 09:05:00 至 2026-03-31 15:00:00

----------------------------------------------------------------------------------------------------
序号    时间                  开盘价         最高价         最低价         收盘价         成交量         
----------------------------------------------------------------------------------------------------
1     2026-03-30 09:05:00 8620.00     8620.00     8545.00     8550.00     17785       
2     2026-03-30 09:10:00 8550.00     8555.00     8520.00     8550.00     8152        
3     2026-03-30 09:15:00 8555.00     8575.00     8545.00     8565.00     4608        
4     2026-03-30 09:20:00 8560.00     8585.00     8550.00     8580.00     3985        
5     2026-03-30 09:25:00 8580.00     8585.00     8570.00     8575.00     2690        
6     2026-03-30 09:30:00 8575.00     8585.00     8570.00     8585.00     1950        
7     2026-03-30 09:35:00 8585.00     8590.00     8565.00     8580.00     3073        
8     2026-03-30 09:40:00 8575.00     8590.00     8575.00     8580.00     1404        
9     2026-03-30 09:45:00 8585.00     8585.00     8560.00     8560.00     2390        
10    2026-03-30 09:50:00 8560.00     8575.00     8550.00     8570.00     2192        
11    2026-03-30 09:55:00 8570.00     8575.00     8560.00     8570.00     1469        
12    2026-03-30 10:00:00 8570.00     8580.00     8560.00     8570.00     1446        
13    2026-03-30 10:05:00 8575.00     8575.00     8560.00     8565.00     1154        
14    2026-03-30 10:10:00 8565.00     8580.00     8550.00     8550.00     1794        
15    2026-03-30 10:15:00 8550.00     8570.00     8550.00     8565.00     1793        
16    2026-03-30 10:35:00 8565.00     8570.00     8470.00     8480.00     11986       
17    2026-03-30 10:40:00 8465.00     8475.00     8445.00     8455.00     9520        
18    2026-03-30 10:45:00 8440.00     8460.00     8425.00     8445.00     10401       
19    2026-03-30 10:50:00 8455.00     8455.00     8435.00     8445.00     4619        
20    2026-03-30 10:55:00 8420.00     8445.00     8410.00     8415.00     8595        
21    2026-03-30 11:00:00 8420.00     8430.00     8410.00     8420.00     2902        
22    2026-03-30 11:05:00 8405.00     8430.00     8405.00     8425.00     4269        
23    2026-03-30 11:10:00 8415.00     8425.00     8410.00     8425.00     2709        
24    2026-03-30 11:15:00 8420.00     8430.00     8415.00     8425.00     1537        
25    2026-03-30 11:20:00 8425.00     8440.00     8415.00     8430.00     4086        
26    2026-03-30 11:25:00 8430.00     8435.00     8425.00     8430.00     1631        
27    2026-03-30 11:30:00 8430.00     8435.00     8425.00     8430.00     1231        
28    2026-03-30 13:35:00 8435.00     8470.00     8425.00     8450.00     8131        
29    2026-03-30 13:40:00 8450.00     8465.00     8450.00     8455.00     2361        
30    2026-03-30 13:45:00 8455.00     8480.00     8455.00     8480.00     3332        
31    2026-03-30 13:50:00 8480.00     8495.00     8475.00     8490.00     4543        
32    2026-03-30 13:55:00 8495.00     8550.00     8495.00     8500.00     13205       
33    2026-03-30 14:00:00 8515.00     8525.00     8500.00     8515.00     4037        
34    2026-03-30 14:05:00 8520.00     8520.00     8500.00     8500.00     2989        
35    2026-03-30 14:10:00 8500.00     8515.00     8495.00     8495.00     2718        
36    2026-03-30 14:15:00 8505.00     8510.00     8485.00     8505.00     1670        
37    2026-03-30 14:20:00 8505.00     8515.00     8495.00     8500.00     2130        
38    2026-03-30 14:25:00 8500.00     8505.00     8490.00     8490.00     865         
39    2026-03-30 14:30:00 8490.00     8500.00     8485.00     8490.00     1269        
40    2026-03-30 14:35:00 8495.00     8495.00     8480.00     8480.00     1066        
41    2026-03-30 14:40:00 8485.00     8500.00     8480.00     8500.00     886         
42    2026-03-30 14:45:00 8500.00     8500.00     8480.00     8480.00     1242        
43    2026-03-30 14:50:00 8480.00     8500.00     8480.00     8490.00     2376        
44    2026-03-30 14:55:00 8490.00     8500.00     8485.00     8490.00     2134        
45    2026-03-30 15:00:00 8495.00     8500.00     8475.00     8480.00     300         
46    2026-03-31 09:05:00 8485.00     8485.00     8380.00     8395.00     33905       
47    2026-03-31 09:10:00 8390.00     8415.00     8380.00     8415.00     8529        
48    2026-03-31 09:15:00 8415.00     8420.00     8405.00     8415.00     3855        
49    2026-03-31 09:20:00 8415.00     8415.00     8400.00     8405.00     3361        
50    2026-03-31 09:25:00 8405.00     8405.00     8385.00     8395.00     3126        
51    2026-03-31 09:30:00 8390.00     8400.00     8380.00     8380.00     2585        
52    2026-03-31 09:35:00 8380.00     8390.00     8370.00     8380.00     6106        
53    2026-03-31 09:40:00 8380.00     8385.00     8370.00     8375.00     3702        
54    2026-03-31 09:45:00 8380.00     8405.00     8375.00     8395.00     4267        
55    2026-03-31 09:50:00 8395.00     8395.00     8380.00     8390.00     2017        
56    2026-03-31 09:55:00 8390.00     8395.00     8380.00     8395.00     2052        
57    2026-03-31 10:00:00 8385.00     8400.00     8385.00     8395.00     1326        
58    2026-03-31 10:05:00 8385.00     8395.00     8370.00     8375.00     2858        
59    2026-03-31 10:10:00 8350.00     8380.00     8350.00     8360.00     6450        
60    2026-03-31 10:15:00 8365.00     8390.00     8355.00     8375.00     3911        
61    2026-03-31 10:35:00 8375.00     8405.00     8365.00     8400.00     5417        
62    2026-03-31 10:40:00 8400.00     8420.00     8385.00     8410.00     3747        
63    2026-03-31 10:45:00 8410.00     8415.00     8380.00     8385.00     2364        
64    2026-03-31 10:50:00 8370.00     8385.00     8365.00     8380.00     3789        
65    2026-03-31 10:55:00 8380.00     8385.00     8370.00     8380.00     1738        
66    2026-03-31 11:00:00 8385.00     8390.00     8375.00     8380.00     1268        
67    2026-03-31 11:05:00 8380.00     8385.00     8370.00     8375.00     910         
68    2026-03-31 11:10:00 8380.00     8380.00     8370.00     8370.00     2882        
69    2026-03-31 11:15:00 8370.00     8380.00     8360.00     8365.00     11818       
70    2026-03-31 11:20:00 8365.00     8370.00     8355.00     8360.00     1714        
71    2026-03-31 11:25:00 8370.00     8370.00     8340.00     8350.00     5937        
72    2026-03-31 11:30:00 8350.00     8355.00     8345.00     8355.00     2760        
73    2026-03-31 13:35:00 8355.00     8390.00     8345.00     8385.00     6129        
74    2026-03-31 13:40:00 8385.00     8390.00     8380.00     8380.00     1689        
75    2026-03-31 13:45:00 8380.00     8380.00     8365.00     8370.00     1845        
76    2026-03-31 13:50:00 8370.00     8385.00     8370.00     8385.00     1828        
77    2026-03-31 13:55:00 8385.00     8395.00     8375.00     8385.00     1806        
78    2026-03-31 14:00:00 8385.00     8385.00     8365.00     8365.00     1697        
79    2026-03-31 14:05:00 8365.00     8390.00     8365.00     8390.00     2035        
80    2026-03-31 14:10:00 8385.00     8395.00     8365.00     8370.00     2733        
81    2026-03-31 14:15:00 8365.00     8375.00     8365.00     8370.00     945         
82    2026-03-31 14:20:00 8370.00     8375.00     8365.00     8370.00     954         
83    2026-03-31 14:25:00 8370.00     8370.00     8360.00     8360.00     1148        
84    2026-03-31 14:30:00 8360.00     8370.00     8360.00     8365.00     933         
85    2026-03-31 14:35:00 8365.00     8370.00     8355.00     8370.00     1761        
86    2026-03-31 14:40:00 8370.00     8380.00     8365.00     8380.00     1388        
87    2026-03-31 14:45:00 8380.00     8390.00     8365.00     8370.00     1995        
88    2026-03-31 14:50:00 8365.00     8370.00     8350.00     8360.00     1213        
89    2026-03-31 14:55:00 8365.00     8370.00     8355.00     8360.00     57          
90    2026-03-31 15:00:00 8360.00     8365.00     8355.00     8355.00     18          

----------------------------------------------------------------------------------------------------

====================================================================================================
【12/20】合约: rr2605
====================================================================================================
  数据条数: 138
  时间范围: 2026-03-30 09:05:00 至 2026-03-31 23:00:00

----------------------------------------------------------------------------------------------------
序号    时间                  开盘价         最高价         最低价         收盘价         成交量         
----------------------------------------------------------------------------------------------------
1     2026-03-30 09:05:00 3606.00     3616.00     3601.00     3613.00     481         
2     2026-03-30 09:10:00 3613.00     3615.00     3604.00     3610.00     465         
3     2026-03-30 09:15:00 3610.00     3610.00     3603.00     3605.00     209         
4     2026-03-30 09:20:00 3606.00     3607.00     3605.00     3606.00     32          
5     2026-03-30 09:25:00 3606.00     3606.00     3602.00     3603.00     78          
6     2026-03-30 09:30:00 3607.00     3609.00     3604.00     3608.00     122         
7     2026-03-30 09:35:00 3608.00     3608.00     3605.00     3606.00     56          
8     2026-03-30 09:40:00 3606.00     3608.00     3606.00     3607.00     27          
9     2026-03-30 09:45:00 3607.00     3608.00     3604.00     3605.00     51          
10    2026-03-30 09:50:00 3604.00     3605.00     3596.00     3598.00     232         
11    2026-03-30 09:55:00 3598.00     3599.00     3589.00     3598.00     288         
12    2026-03-30 10:00:00 3596.00     3599.00     3596.00     3597.00     62          
13    2026-03-30 10:05:00 3598.00     3598.00     3597.00     3598.00     19          
14    2026-03-30 10:10:00 3599.00     3599.00     3597.00     3598.00     29          
15    2026-03-30 10:15:00 3601.00     3602.00     3598.00     3602.00     134         
16    2026-03-30 10:35:00 3602.00     3604.00     3602.00     3603.00     90          
17    2026-03-30 10:40:00 3604.00     3604.00     3601.00     3601.00     27          
18    2026-03-30 10:45:00 3601.00     3603.00     3600.00     3602.00     46          
19    2026-03-30 10:50:00 3603.00     3606.00     3602.00     3606.00     66          
20    2026-03-30 10:55:00 3605.00     3606.00     3604.00     3605.00     45          
21    2026-03-30 11:00:00 3605.00     3605.00     3602.00     3604.00     29          
22    2026-03-30 11:05:00 3606.00     3606.00     3603.00     3606.00     65          
23    2026-03-30 11:10:00 3607.00     3611.00     3606.00     3606.00     136         
24    2026-03-30 11:15:00 3607.00     3607.00     3606.00     3607.00     25          
25    2026-03-30 11:20:00 3607.00     3607.00     3598.00     3600.00     173         
26    2026-03-30 11:25:00 3603.00     3603.00     3600.00     3601.00     37          
27    2026-03-30 11:30:00 3603.00     3605.00     3601.00     3603.00     22          
28    2026-03-30 13:35:00 3603.00     3608.00     3601.00     3603.00     164         
29    2026-03-30 13:40:00 3602.00     3603.00     3600.00     3602.00     58          
30    2026-03-30 13:45:00 3602.00     3604.00     3602.00     3604.00     19          
31    2026-03-30 13:50:00 3603.00     3603.00     3601.00     3602.00     25          
32    2026-03-30 13:55:00 3602.00     3604.00     3602.00     3604.00     24          
33    2026-03-30 14:00:00 3604.00     3604.00     3602.00     3602.00     20          
34    2026-03-30 14:05:00 3602.00     3602.00     3600.00     3601.00     44          
35    2026-03-30 14:10:00 3601.00     3602.00     3598.00     3600.00     93          
36    2026-03-30 14:15:00 3598.00     3600.00     3595.00     3598.00     143         
37    2026-03-30 14:20:00 3598.00     3600.00     3598.00     3599.00     37          
38    2026-03-30 14:25:00 3599.00     3600.00     3599.00     3600.00     24          
39    2026-03-30 14:30:00 3600.00     3600.00     3599.00     3599.00     6           
40    2026-03-30 14:35:00 3599.00     3600.00     3599.00     3600.00     14          
41    2026-03-30 14:40:00 3600.00     3600.00     3598.00     3600.00     21          
42    2026-03-30 14:45:00 3600.00     3600.00     3598.00     3599.00     48          
43    2026-03-30 14:50:00 3599.00     3600.00     3597.00     3599.00     31          
44    2026-03-30 14:55:00 3598.00     3599.00     3597.00     3597.00     56          
45    2026-03-30 15:00:00 3597.00     3613.00     3595.00     3609.00     45          
46    2026-03-30 21:05:00 3597.00     3606.00     3597.00     3605.00     960         
47    2026-03-30 21:10:00 3606.00     3608.00     3594.00     3595.00     444         
48    2026-03-30 21:15:00 3596.00     3598.00     3596.00     3597.00     37          
49    2026-03-30 21:20:00 3597.00     3599.00     3596.00     3599.00     50          
50    2026-03-30 21:25:00 3599.00     3600.00     3599.00     3599.00     42          
51    2026-03-30 21:30:00 3599.00     3601.00     3599.00     3600.00     66          
52    2026-03-30 21:35:00 3600.00     3602.00     3598.00     3601.00     153         
53    2026-03-30 21:40:00 3602.00     3602.00     3598.00     3598.00     115         
54    2026-03-30 21:45:00 3599.00     3599.00     3597.00     3598.00     47          
55    2026-03-30 21:50:00 3597.00     3598.00     3595.00     3597.00     114         
56    2026-03-30 21:55:00 3597.00     3597.00     3596.00     3596.00     26          
57    2026-03-30 22:00:00 3596.00     3597.00     3595.00     3597.00     64          
58    2026-03-30 22:05:00 3597.00     3597.00     3596.00     3596.00     33          
59    2026-03-30 22:10:00 3596.00     3596.00     3591.00     3591.00     204         
60    2026-03-30 22:15:00 3591.00     3592.00     3583.00     3589.00     505         
61    2026-03-30 22:20:00 3589.00     3593.00     3587.00     3587.00     226         
62    2026-03-30 22:25:00 3588.00     3590.00     3588.00     3590.00     56          
63    2026-03-30 22:30:00 3590.00     3590.00     3586.00     3588.00     133         
64    2026-03-30 22:35:00 3588.00     3588.00     3586.00     3587.00     74          
65    2026-03-30 22:40:00 3587.00     3587.00     3584.00     3584.00     41          
66    2026-03-30 22:45:00 3584.00     3589.00     3584.00     3587.00     147         
67    2026-03-30 22:50:00 3587.00     3588.00     3587.00     3587.00     11          
68    2026-03-30 22:55:00 3587.00     3588.00     3586.00     3586.00     62          
69    2026-03-30 23:00:00 3586.00     3587.00     3583.00     3585.00     277         
70    2026-03-31 09:05:00 3585.00     3589.00     3585.00     3587.00     93          
71    2026-03-31 09:10:00 3587.00     3592.00     3581.00     3590.00     296         
72    2026-03-31 09:15:00 3590.00     3594.00     3590.00     3593.00     121         
73    2026-03-31 09:20:00 3592.00     3593.00     3590.00     3591.00     48          
74    2026-03-31 09:25:00 3591.00     3591.00     3589.00     3591.00     31          
75    2026-03-31 09:30:00 3591.00     3591.00     3590.00     3590.00     11          
76    2026-03-31 09:35:00 3590.00     3590.00     3589.00     3589.00     20          
77    2026-03-31 09:40:00 3589.00     3589.00     3588.00     3589.00     31          
78    2026-03-31 09:45:00 3589.00     3589.00     3588.00     3588.00     21          
79    2026-03-31 09:50:00 3587.00     3588.00     3587.00     3587.00     15          
80    2026-03-31 09:55:00 3587.00     3589.00     3586.00     3588.00     33          
81    2026-03-31 10:00:00 3588.00     3589.00     3588.00     3588.00     14          
82    2026-03-31 10:05:00 3588.00     3588.00     3588.00     3588.00     4           
83    2026-03-31 10:10:00 3588.00     3589.00     3587.00     3587.00     25          
84    2026-03-31 10:15:00 3587.00     3590.00     3587.00     3588.00     35          
85    2026-03-31 10:35:00 3589.00     3589.00     3588.00     3589.00     10          
86    2026-03-31 10:40:00 3589.00     3590.00     3588.00     3590.00     14          
87    2026-03-31 10:45:00 3589.00     3589.00     3588.00     3589.00     11          
88    2026-03-31 10:50:00 3592.00     3593.00     3588.00     3592.00     95          
89    2026-03-31 10:55:00 3591.00     3592.00     3591.00     3591.00     12          
90    2026-03-31 11:00:00 3589.00     3592.00     3589.00     3592.00     99          
91    2026-03-31 11:05:00 3591.00     3592.00     3591.00     3591.00     8           
92    2026-03-31 11:10:00 3591.00     3592.00     3591.00     3591.00     22          
93    2026-03-31 11:15:00 3590.00     3591.00     3590.00     3590.00     14          
94    2026-03-31 11:20:00 3590.00     3590.00     3590.00     3590.00     4           
95    2026-03-31 11:25:00 3591.00     3591.00     3590.00     3590.00     74          
96    2026-03-31 11:30:00 3590.00     3590.00     3586.00     3586.00     46          
97    2026-03-31 13:35:00 3586.00     3592.00     3586.00     3592.00     357         
98    2026-03-31 13:40:00 3591.00     3593.00     3591.00     3592.00     88          
99    2026-03-31 13:45:00 3591.00     3594.00     3591.00     3594.00     46          
100   2026-03-31 13:50:00 3594.00     3594.00     3592.00     3593.00     32          
101   2026-03-31 13:55:00 3593.00     3594.00     3593.00     3593.00     26          
102   2026-03-31 14:00:00 3593.00     3593.00     3593.00     3593.00     2           
103   2026-03-31 14:05:00 3593.00     3594.00     3593.00     3594.00     8           
104   2026-03-31 14:10:00 3594.00     3598.00     3594.00     3595.00     84          
105   2026-03-31 14:15:00 3594.00     3595.00     3594.00     3595.00     17          
106   2026-03-31 14:20:00 3595.00     3596.00     3595.00     3596.00     1           
107   2026-03-31 14:25:00 3596.00     3596.00     3595.00     3595.00     13          
108   2026-03-31 14:30:00 3595.00     3595.00     3595.00     3595.00     9           
109   2026-03-31 14:35:00 3594.00     3595.00     3594.00     3595.00     4           
110   2026-03-31 14:40:00 3595.00     3603.00     3595.00     3596.00     276         
111   2026-03-31 14:45:00 3596.00     3598.00     3596.00     3598.00     17          
112   2026-03-31 14:50:00 3596.00     3596.00     3594.00     3594.00     47          
113   2026-03-31 14:55:00 3595.00     3595.00     3594.00     3594.00     3           
114   2026-03-31 15:00:00 3595.00     3595.00     3586.00     3586.00     267         
115   2026-03-31 21:05:00 3581.00     3597.00     3581.00     3589.00     139         
116   2026-03-31 21:10:00 3589.00     3592.00     3589.00     3591.00     60          
117   2026-03-31 21:15:00 3591.00     3591.00     3588.00     3590.00     29          
118   2026-03-31 21:20:00 3590.00     3591.00     3587.00     3588.00     36          
119   2026-03-31 21:25:00 3588.00     3590.00     3588.00     3590.00     11          
120   2026-03-31 21:30:00 3588.00     3590.00     3588.00     3589.00     18          
121   2026-03-31 21:35:00 3589.00     3589.00     3588.00     3588.00     12          
122   2026-03-31 21:40:00 3589.00     3590.00     3588.00     3589.00     23          
123   2026-03-31 21:45:00 3589.00     3590.00     3589.00     3590.00     10          
124   2026-03-31 21:50:00 3589.00     3589.00     3587.00     3589.00     32          
125   2026-03-31 21:55:00 3589.00     3589.00     3587.00     3588.00     13          
126   2026-03-31 22:00:00 3587.00     3588.00     3587.00     3588.00     4           
127   2026-03-31 22:05:00 3588.00     3588.00     3585.00     3585.00     46          
128   2026-03-31 22:10:00 3585.00     3591.00     3584.00     3589.00     134         
129   2026-03-31 22:15:00 3589.00     3594.00     3588.00     3590.00     172         
130   2026-03-31 22:20:00 3591.00     3591.00     3590.00     3591.00     8           
131   2026-03-31 22:25:00 3591.00     3591.00     3591.00     3591.00     2           
132   2026-03-31 22:30:00 3591.00     3591.00     3591.00     3591.00     2           
133   2026-03-31 22:35:00 3591.00     3591.00     3591.00     3591.00     7           
134   2026-03-31 22:40:00 3591.00     3591.00     3590.00     3590.00     11          
135   2026-03-31 22:45:00 3590.00     3592.00     3590.00     3591.00     60          
136   2026-03-31 22:50:00 3591.00     3592.00     3591.00     3592.00     7           
137   2026-03-31 22:55:00 3591.00     3592.00     3591.00     3592.00     2           
138   2026-03-31 23:00:00 3592.00     3595.00     3590.00     3595.00     4           

----------------------------------------------------------------------------------------------------

====================================================================================================
【13/20】合约: v2605F
====================================================================================================
  ⚠ 该合约在指定时间范围内没有数据


====================================================================================================
【14/20】合约: lc2605
====================================================================================================
  数据条数: 90
  时间范围: 2026-03-30 09:05:00 至 2026-03-31 15:00:00

----------------------------------------------------------------------------------------------------
序号    时间                  开盘价         最高价         最低价         收盘价         成交量         
----------------------------------------------------------------------------------------------------
1     2026-03-30 09:05:00 170000.00   172860.00   169320.00   171980.00   29368       
2     2026-03-30 09:10:00 171960.00   173000.00   170820.00   171520.00   11982       
3     2026-03-30 09:15:00 171480.00   172500.00   171180.00   171960.00   5563        
4     2026-03-30 09:20:00 171680.00   172500.00   171340.00   171800.00   5217        
5     2026-03-30 09:25:00 172060.00   173000.00   171720.00   172680.00   7962        
6     2026-03-30 09:30:00 171980.00   172840.00   170540.00   170740.00   9041        
7     2026-03-30 09:35:00 171160.00   171240.00   169600.00   170940.00   8376        
8     2026-03-30 09:40:00 170700.00   171840.00   170700.00   170840.00   4225        
9     2026-03-30 09:45:00 170720.00   171300.00   170300.00   170960.00   2612        
10    2026-03-30 09:50:00 171020.00   171100.00   169600.00   170080.00   4594        
11    2026-03-30 09:55:00 170160.00   170620.00   169160.00   170380.00   4413        
12    2026-03-30 10:00:00 170580.00   171400.00   170000.00   171040.00   3211        
13    2026-03-30 10:05:00 171020.00   171180.00   170200.00   170620.00   1906        
14    2026-03-30 10:10:00 170620.00   170880.00   169400.00   169400.00   3601        
15    2026-03-30 10:15:00 170160.00   170360.00   169300.00   169940.00   2167        
16    2026-03-30 10:35:00 169820.00   170600.00   169600.00   169760.00   2921        
17    2026-03-30 10:40:00 169800.00   169800.00   168120.00   168320.00   7379        
18    2026-03-30 10:45:00 168520.00   169740.00   167980.00   169260.00   7443        
19    2026-03-30 10:50:00 169880.00   170800.00   169180.00   170780.00   4596        
20    2026-03-30 10:55:00 170780.00   171040.00   170320.00   170340.00   3984        
21    2026-03-30 11:00:00 170360.00   170840.00   170240.00   170380.00   1930        
22    2026-03-30 11:05:00 170360.00   171800.00   170300.00   171560.00   5379        
23    2026-03-30 11:10:00 171800.00   171980.00   171160.00   171160.00   3603        
24    2026-03-30 11:15:00 171120.00   171560.00   170500.00   171160.00   5412        
25    2026-03-30 11:20:00 171160.00   171700.00   170880.00   171480.00   1793        
26    2026-03-30 11:25:00 171000.00   171680.00   170820.00   171000.00   1744        
27    2026-03-30 11:30:00 171080.00   171580.00   170780.00   171540.00   1877        
28    2026-03-30 13:35:00 171500.00   171800.00   170160.00   170780.00   4551        
29    2026-03-30 13:40:00 170800.00   170840.00   169700.00   169920.00   3112        
30    2026-03-30 13:45:00 169840.00   170680.00   169840.00   170400.00   2555        
31    2026-03-30 13:50:00 170360.00   170980.00   170160.00   170760.00   1666        
32    2026-03-30 13:55:00 170720.00   170980.00   170200.00   170340.00   1743        
33    2026-03-30 14:00:00 170140.00   170460.00   169880.00   169880.00   2045        
34    2026-03-30 14:05:00 169880.00   170460.00   169860.00   170240.00   1436        
35    2026-03-30 14:10:00 170340.00   170380.00   170000.00   170140.00   1132        
36    2026-03-30 14:15:00 171320.00   171400.00   170140.00   171000.00   3811        
37    2026-03-30 14:20:00 171000.00   171420.00   170800.00   170940.00   2808        
38    2026-03-30 14:25:00 170940.00   171300.00   170520.00   171120.00   1452        
39    2026-03-30 14:30:00 171120.00   171120.00   170700.00   171040.00   855         
40    2026-03-30 14:35:00 171000.00   171240.00   170800.00   171020.00   1009        
41    2026-03-30 14:40:00 171020.00   171200.00   169760.00   170980.00   4636        
42    2026-03-30 14:45:00 170920.00   171100.00   170200.00   170980.00   2040        
43    2026-03-30 14:50:00 170960.00   171000.00   170400.00   170740.00   1669        
44    2026-03-30 14:55:00 170720.00   171760.00   170620.00   171300.00   4889        
45    2026-03-30 15:00:00 171300.00   171620.00   171060.00   171620.00   408         
46    2026-03-31 09:05:00 169380.00   171420.00   169040.00   170660.00   14018       
47    2026-03-31 09:10:00 170660.00   171580.00   170220.00   171440.00   5332        
48    2026-03-31 09:15:00 171640.00   171940.00   168040.00   168920.00   13238       
49    2026-03-31 09:20:00 168880.00   169100.00   166600.00   167500.00   16434       
50    2026-03-31 09:25:00 167500.00   168600.00   167500.00   168120.00   5424        
51    2026-03-31 09:30:00 168120.00   168540.00   167080.00   167360.00   5675        
52    2026-03-31 09:35:00 167720.00   168000.00   166780.00   167240.00   5441        
53    2026-03-31 09:40:00 167300.00   167780.00   165420.00   166560.00   10173       
54    2026-03-31 09:45:00 166560.00   167140.00   165420.00   165860.00   6280        
55    2026-03-31 09:50:00 165680.00   165980.00   164280.00   165520.00   11396       
56    2026-03-31 09:55:00 165820.00   166220.00   164920.00   165600.00   5925        
57    2026-03-31 10:00:00 166380.00   166820.00   165500.00   166440.00   4760        
58    2026-03-31 10:05:00 165700.00   166540.00   162200.00   162960.00   15182       
59    2026-03-31 10:10:00 162980.00   163500.00   162340.00   163500.00   11062       
60    2026-03-31 10:15:00 163500.00   164300.00   163480.00   163940.00   6239        
61    2026-03-31 10:35:00 163820.00   163960.00   159100.00   159900.00   23474       
62    2026-03-31 10:40:00 160020.00   161040.00   159800.00   160640.00   8873        
63    2026-03-31 10:45:00 160460.00   160660.00   157600.00   158380.00   14699       
64    2026-03-31 10:50:00 158380.00   159480.00   157200.00   159460.00   12281       
65    2026-03-31 10:55:00 160020.00   160260.00   159080.00   160080.00   2813        
66    2026-03-31 11:00:00 159600.00   160340.00   159340.00   160020.00   3867        
67    2026-03-31 11:05:00 160000.00   160720.00   159720.00   160200.00   4861        
68    2026-03-31 11:10:00 160480.00   160960.00   159720.00   159860.00   3852        
69    2026-03-31 11:15:00 159800.00   160080.00   159060.00   159460.00   4176        
70    2026-03-31 11:20:00 159460.00   159880.00   158520.00   159500.00   5202        
71    2026-03-31 11:25:00 159560.00   160360.00   159220.00   159800.00   3552        
72    2026-03-31 11:30:00 159800.00   160500.00   159720.00   160420.00   3784        
73    2026-03-31 13:35:00 160420.00   161780.00   159780.00   161020.00   7309        
74    2026-03-31 13:40:00 161000.00   161720.00   160700.00   161320.00   4155        
75    2026-03-31 13:45:00 161320.00   161400.00   160720.00   161180.00   2108        
76    2026-03-31 13:50:00 161180.00   161500.00   160920.00   161160.00   1722        
77    2026-03-31 13:55:00 161160.00   161180.00   159520.00   160180.00   4353        
78    2026-03-31 14:00:00 160180.00   160180.00   159260.00   159620.00   3414        
79    2026-03-31 14:05:00 159800.00   160300.00   159400.00   159720.00   3009        
80    2026-03-31 14:10:00 159660.00   160000.00   159020.00   159480.00   2449        
81    2026-03-31 14:15:00 159540.00   159760.00   159040.00   159280.00   2148        
82    2026-03-31 14:20:00 159340.00   159940.00   159100.00   159920.00   1866        
83    2026-03-31 14:25:00 159920.00   160100.00   159020.00   159620.00   2668        
84    2026-03-31 14:30:00 159540.00   159680.00   159060.00   159280.00   1417        
85    2026-03-31 14:35:00 159300.00   160000.00   158800.00   159260.00   3500        
86    2026-03-31 14:40:00 159260.00   159480.00   158960.00   159280.00   1990        
87    2026-03-31 14:45:00 159340.00   159340.00   158200.00   158540.00   967         
88    2026-03-31 14:50:00 158580.00   159520.00   158440.00   158820.00   3146        
89    2026-03-31 14:55:00 158820.00   159360.00   158820.00   159180.00   2067        
90    2026-03-31 15:00:00 159160.00   159160.00   157200.00   157200.00   137         

----------------------------------------------------------------------------------------------------

====================================================================================================
【15/20】合约: bc2605
====================================================================================================
  数据条数: 174
  时间范围: 2026-03-30 00:00:00 至 2026-03-31 23:55:00

----------------------------------------------------------------------------------------------------
序号    时间                  开盘价         最高价         最低价         收盘价         成交量         
----------------------------------------------------------------------------------------------------
1     2026-03-30 00:00:00 84730.00    84740.00    84410.00    84460.00    348         
2     2026-03-30 09:05:00 83960.00    84290.00    83880.00    84210.00    78          
3     2026-03-30 09:10:00 84180.00    84250.00    84080.00    84120.00    75          
4     2026-03-30 09:15:00 84110.00    84160.00    84100.00    84120.00    57          
5     2026-03-30 09:20:00 84120.00    84220.00    84040.00    84150.00    71          
6     2026-03-30 09:25:00 84170.00    84220.00    84130.00    84200.00    44          
7     2026-03-30 09:30:00 84200.00    84210.00    84160.00    84190.00    31          
8     2026-03-30 09:35:00 84190.00    84310.00    84170.00    84310.00    35          
9     2026-03-30 09:40:00 84310.00    84370.00    84180.00    84240.00    90          
10    2026-03-30 09:45:00 84240.00    84290.00    84220.00    84240.00    30          
11    2026-03-30 09:50:00 84250.00    84270.00    84200.00    84270.00    26          
12    2026-03-30 09:55:00 84270.00    84270.00    84030.00    84160.00    133         
13    2026-03-30 10:00:00 84160.00    84280.00    84150.00    84210.00    49          
14    2026-03-30 10:05:00 84210.00    84230.00    84140.00    84200.00    43          
15    2026-03-30 10:10:00 84200.00    84370.00    84190.00    84250.00    98          
16    2026-03-30 10:15:00 84260.00    84280.00    84230.00    84270.00    20          
17    2026-03-30 10:35:00 84270.00    84320.00    84200.00    84230.00    50          
18    2026-03-30 10:40:00 84230.00    84250.00    84200.00    84240.00    36          
19    2026-03-30 10:45:00 84240.00    84390.00    84240.00    84380.00    28          
20    2026-03-30 10:50:00 84370.00    84510.00    84370.00    84480.00    89          
21    2026-03-30 10:55:00 84510.00    84550.00    84450.00    84450.00    56          
22    2026-03-30 11:00:00 84450.00    84510.00    84410.00    84500.00    11          
23    2026-03-30 11:05:00 84570.00    84680.00    84500.00    84680.00    30          
24    2026-03-30 11:10:00 84690.00    84820.00    84650.00    84760.00    67          
25    2026-03-30 11:15:00 84800.00    84820.00    84690.00    84700.00    29          
26    2026-03-30 11:20:00 84740.00    84800.00    84700.00    84760.00    14          
27    2026-03-30 11:25:00 84760.00    84810.00    84730.00    84770.00    46          
28    2026-03-30 11:30:00 84770.00    84770.00    84550.00    84700.00    142         
29    2026-03-30 13:35:00 84750.00    84780.00    84650.00    84670.00    101         
30    2026-03-30 13:40:00 84670.00    84670.00    84570.00    84570.00    45          
31    2026-03-30 13:45:00 84600.00    84610.00    84550.00    84570.00    16          
32    2026-03-30 13:50:00 84600.00    84680.00    84570.00    84650.00    33          
33    2026-03-30 13:55:00 84660.00    84680.00    84640.00    84650.00    11          
34    2026-03-30 14:00:00 84650.00    84760.00    84620.00    84700.00    76          
35    2026-03-30 14:05:00 84700.00    84770.00    84660.00    84720.00    60          
36    2026-03-30 14:10:00 84720.00    84760.00    84690.00    84700.00    25          
37    2026-03-30 14:15:00 84680.00    84760.00    84660.00    84660.00    83          
38    2026-03-30 14:20:00 84660.00    84850.00    84660.00    84800.00    85          
39    2026-03-30 14:25:00 84800.00    84830.00    84760.00    84780.00    49          
40    2026-03-30 14:30:00 84780.00    84890.00    84780.00    84850.00    54          
41    2026-03-30 14:35:00 84850.00    84920.00    84840.00    84910.00    45          
42    2026-03-30 14:40:00 84910.00    84960.00    84820.00    84900.00    38          
43    2026-03-30 14:45:00 84920.00    84940.00    84870.00    84940.00    7           
44    2026-03-30 14:50:00 84940.00    85020.00    84940.00    84980.00    57          
45    2026-03-30 14:55:00 84980.00    84990.00    84850.00    84880.00    59          
46    2026-03-30 15:00:00 84880.00    84880.00    84690.00    84790.00    1           
47    2026-03-30 21:05:00 85020.00    85180.00    85000.00    85000.00    140         
48    2026-03-30 21:10:00 85000.00    85000.00    84840.00    84900.00    63          
49    2026-03-30 21:15:00 84900.00    84920.00    84870.00    84880.00    31          
50    2026-03-30 21:20:00 84880.00    84900.00    84810.00    84840.00    52          
51    2026-03-30 21:25:00 84840.00    84850.00    84730.00    84780.00    50          
52    2026-03-30 21:30:00 84780.00    84780.00    84690.00    84720.00    33          
53    2026-03-30 21:35:00 84720.00    84760.00    84610.00    84640.00    96          
54    2026-03-30 21:40:00 84640.00    84640.00    84480.00    84510.00    81          
55    2026-03-30 21:45:00 84510.00    84510.00    84350.00    84380.00    117         
56    2026-03-30 21:50:00 84380.00    84420.00    84310.00    84330.00    47          
57    2026-03-30 21:55:00 84330.00    84370.00    84320.00    84350.00    44          
58    2026-03-30 22:00:00 84350.00    84370.00    84300.00    84360.00    59          
59    2026-03-30 22:05:00 84360.00    84430.00    84340.00    84410.00    37          
60    2026-03-30 22:10:00 84410.00    84440.00    84330.00    84420.00    25          
61    2026-03-30 22:15:00 84450.00    84470.00    84390.00    84450.00    30          
62    2026-03-30 22:20:00 84450.00    84470.00    84380.00    84420.00    25          
63    2026-03-30 22:25:00 84420.00    84470.00    84400.00    84460.00    36          
64    2026-03-30 22:30:00 84460.00    84460.00    84390.00    84410.00    27          
65    2026-03-30 22:35:00 84410.00    84480.00    84410.00    84440.00    19          
66    2026-03-30 22:40:00 84440.00    84530.00    84400.00    84530.00    12          
67    2026-03-30 22:45:00 84530.00    84540.00    84490.00    84520.00    22          
68    2026-03-30 22:50:00 84520.00    84600.00    84490.00    84500.00    59          
69    2026-03-30 22:55:00 84500.00    84530.00    84460.00    84510.00    22          
70    2026-03-30 23:00:00 84510.00    84550.00    84500.00    84550.00    16          
71    2026-03-30 23:05:00 84550.00    84610.00    84550.00    84590.00    9           
72    2026-03-30 23:10:00 84590.00    84590.00    84510.00    84510.00    17          
73    2026-03-30 23:15:00 84510.00    84520.00    84420.00    84420.00    19          
74    2026-03-30 23:20:00 84420.00    84470.00    84420.00    84460.00    7           
75    2026-03-30 23:25:00 84460.00    84480.00    84450.00    84470.00    10          
76    2026-03-30 23:30:00 84470.00    84560.00    84470.00    84560.00    24          
77    2026-03-30 23:35:00 84560.00    84600.00    84500.00    84600.00    22          
78    2026-03-30 23:40:00 84600.00    84610.00    84590.00    84600.00    8           
79    2026-03-30 23:45:00 84600.00    84670.00    84600.00    84660.00    9           
80    2026-03-30 23:50:00 84660.00    84720.00    84650.00    84720.00    15          
81    2026-03-30 23:55:00 84690.00    84730.00    84690.00    84720.00    11          
82    2026-03-31 00:00:00 84720.00    84720.00    84600.00    84600.00    31          
83    2026-03-31 00:05:00 84600.00    84610.00    84490.00    84490.00    22          
84    2026-03-31 00:10:00 84490.00    84500.00    84440.00    84480.00    17          
85    2026-03-31 00:15:00 84480.00    84580.00    84480.00    84560.00    6           
86    2026-03-31 00:20:00 84560.00    84560.00    84480.00    84510.00    13          
87    2026-03-31 00:25:00 84510.00    84540.00    84500.00    84520.00    12          
88    2026-03-31 00:30:00 84520.00    84530.00    84500.00    84530.00    2           
89    2026-03-31 00:35:00 84530.00    84560.00    84510.00    84510.00    17          
90    2026-03-31 00:40:00 84550.00    84560.00    84510.00    84560.00    4           
91    2026-03-31 00:45:00 84560.00    84590.00    84530.00    84540.00    8           
92    2026-03-31 00:50:00 84540.00    84550.00    84520.00    84520.00    4           
93    2026-03-31 00:55:00 84510.00    84560.00    84510.00    84560.00    11          
94    2026-03-31 01:00:00 84560.00    84560.00    84420.00    84420.00    15          
95    2026-03-31 09:05:00 84470.00    84690.00    84420.00    84570.00    80          
96    2026-03-31 09:10:00 84570.00    84630.00    84530.00    84630.00    43          
97    2026-03-31 09:15:00 84630.00    84630.00    84530.00    84590.00    72          
98    2026-03-31 09:20:00 84590.00    84690.00    84590.00    84670.00    51          
99    2026-03-31 09:25:00 84670.00    84710.00    84640.00    84710.00    41          
100   2026-03-31 09:30:00 84710.00    84750.00    84660.00    84690.00    42          
101   2026-03-31 09:35:00 84770.00    84810.00    84680.00    84760.00    81          
102   2026-03-31 09:40:00 84850.00    84940.00    84770.00    84900.00    91          
103   2026-03-31 09:45:00 84890.00    84910.00    84800.00    84910.00    49          
104   2026-03-31 09:50:00 84880.00    84920.00    84830.00    84860.00    49          
105   2026-03-31 09:55:00 84860.00    84920.00    84770.00    84830.00    101         
106   2026-03-31 10:00:00 84850.00    84890.00    84730.00    84760.00    24          
107   2026-03-31 10:05:00 84730.00    84850.00    84600.00    84630.00    74          
108   2026-03-31 10:10:00 84630.00    84790.00    84570.00    84790.00    60          
109   2026-03-31 10:15:00 84790.00    84820.00    84690.00    84690.00    17          
110   2026-03-31 10:35:00 84710.00    84730.00    84590.00    84620.00    43          
111   2026-03-31 10:40:00 84620.00    84690.00    84560.00    84690.00    18          
112   2026-03-31 10:45:00 84690.00    84690.00    84590.00    84680.00    43          
113   2026-03-31 10:50:00 84680.00    84690.00    84520.00    84570.00    56          
114   2026-03-31 10:55:00 84570.00    84670.00    84570.00    84620.00    29          
115   2026-03-31 11:00:00 84610.00    84630.00    84580.00    84580.00    10          
116   2026-03-31 11:05:00 84580.00    84580.00    84510.00    84570.00    43          
117   2026-03-31 11:10:00 84580.00    84630.00    84570.00    84600.00    14          
118   2026-03-31 11:15:00 84600.00    84630.00    84520.00    84520.00    31          
119   2026-03-31 11:20:00 84520.00    84560.00    84510.00    84530.00    22          
120   2026-03-31 11:25:00 84510.00    84540.00    84370.00    84370.00    42          
121   2026-03-31 11:30:00 84370.00    84500.00    84370.00    84470.00    24          
122   2026-03-31 13:35:00 84400.00    84530.00    84290.00    84510.00    68          
123   2026-03-31 13:40:00 84510.00    84550.00    84420.00    84490.00    36          
124   2026-03-31 13:45:00 84490.00    84490.00    84420.00    84450.00    21          
125   2026-03-31 13:50:00 84450.00    84650.00    84450.00    84620.00    24          
126   2026-03-31 13:55:00 84620.00    84670.00    84570.00    84580.00    29          
127   2026-03-31 14:00:00 84580.00    84620.00    84580.00    84620.00    8           
128   2026-03-31 14:05:00 84620.00    84620.00    84430.00    84470.00    18          
129   2026-03-31 14:10:00 84470.00    84490.00    84450.00    84470.00    16          
130   2026-03-31 14:15:00 84470.00    84490.00    84370.00    84410.00    68          
131   2026-03-31 14:20:00 84410.00    84410.00    84320.00    84330.00    36          
132   2026-03-31 14:25:00 84330.00    84420.00    84260.00    84380.00    38          
133   2026-03-31 14:30:00 84380.00    84450.00    84380.00    84450.00    24          
134   2026-03-31 14:35:00 84460.00    84520.00    84430.00    84440.00    31          
135   2026-03-31 14:40:00 84440.00    84460.00    84410.00    84440.00    9           
136   2026-03-31 14:45:00 84440.00    84470.00    84370.00    84370.00    9           
137   2026-03-31 14:50:00 84370.00    84400.00    84310.00    84340.00    2           
138   2026-03-31 14:55:00 84350.00    84450.00    84340.00    84450.00    1           
139   2026-03-31 15:00:00 84450.00    84450.00    84410.00    84410.00    1           
140   2026-03-31 21:05:00 84640.00    85020.00    84640.00    84750.00    1           
141   2026-03-31 21:10:00 84750.00    84800.00    84700.00    84770.00    1           
142   2026-03-31 21:15:00 84770.00    84790.00    84730.00    84770.00    7           
143   2026-03-31 21:20:00 84790.00    84820.00    84740.00    84770.00    1           
144   2026-03-31 21:25:00 84770.00    84830.00    84760.00    84760.00    2           
145   2026-03-31 21:30:00 84760.00    84770.00    84660.00    84660.00    1           
146   2026-03-31 21:35:00 84690.00    84720.00    84620.00    84720.00    1           
147   2026-03-31 21:40:00 84760.00    84760.00    84690.00    84710.00    1           
148   2026-03-31 21:45:00 84740.00    84780.00    84710.00    84710.00    2           
149   2026-03-31 21:50:00 84730.00    84770.00    84690.00    84770.00    1           
150   2026-03-31 21:55:00 84790.00    84840.00    84730.00    84790.00    4           
151   2026-03-31 22:00:00 84790.00    84840.00    84720.00    84840.00    10          
152   2026-03-31 22:05:00 84840.00    84970.00    84840.00    84970.00    1           
153   2026-03-31 22:10:00 84970.00    85030.00    84920.00    85010.00    1           
154   2026-03-31 22:15:00 85010.00    85300.00    84980.00    85260.00    1           
155   2026-03-31 22:20:00 85260.00    85270.00    85140.00    85220.00    1           
156   2026-03-31 22:25:00 85220.00    85280.00    85150.00    85250.00    5           
157   2026-03-31 22:30:00 85250.00    85350.00    85220.00    85310.00    2           
158   2026-03-31 22:35:00 85310.00    85410.00    85310.00    85360.00    4           
159   2026-03-31 22:40:00 85360.00    85360.00    85220.00    85250.00    1           
160   2026-03-31 22:45:00 85250.00    85250.00    85170.00    85170.00    4           
161   2026-03-31 22:50:00 85170.00    85260.00    85100.00    85150.00    8           
162   2026-03-31 22:55:00 85150.00    85150.00    85070.00    85120.00    4           
163   2026-03-31 23:00:00 85120.00    85120.00    84990.00    85100.00    1           
164   2026-03-31 23:05:00 85100.00    85260.00    85100.00    85260.00    1           
165   2026-03-31 23:10:00 85250.00    85300.00    85230.00    85230.00    3           
166   2026-03-31 23:15:00 85230.00    85300.00    85230.00    85300.00    2           
167   2026-03-31 23:20:00 85280.00    85300.00    85240.00    85250.00    1           
168   2026-03-31 23:25:00 85250.00    85260.00    85200.00    85250.00    1           
169   2026-03-31 23:30:00 85250.00    85250.00    85160.00    85180.00    1           
170   2026-03-31 23:35:00 85160.00    85230.00    85150.00    85230.00    1           
171   2026-03-31 23:40:00 85270.00    85270.00    85230.00    85230.00    1           
172   2026-03-31 23:45:00 85210.00    85240.00    85210.00    85230.00    2           
173   2026-03-31 23:50:00 85230.00    85270.00    85210.00    85230.00    1           
174   2026-03-31 23:55:00 85230.00    85250.00    85190.00    85190.00    2           

----------------------------------------------------------------------------------------------------

====================================================================================================
【16/20】合约: RS609
====================================================================================================
  ⚠ 该合约在指定时间范围内没有数据


====================================================================================================
【17/20】合约: pg2605
====================================================================================================
  数据条数: 138
  时间范围: 2026-03-30 09:05:00 至 2026-03-31 23:00:00

----------------------------------------------------------------------------------------------------
序号    时间                  开盘价         最高价         最低价         收盘价         成交量         
----------------------------------------------------------------------------------------------------
1     2026-03-30 09:05:00 6845.00     6850.00     6668.00     6786.00     6343        
2     2026-03-30 09:10:00 6786.00     6788.00     6701.00     6722.00     3858        
3     2026-03-30 09:15:00 6725.00     6768.00     6717.00     6761.00     2649        
4     2026-03-30 09:20:00 6760.00     6769.00     6706.00     6716.00     2333        
5     2026-03-30 09:25:00 6711.00     6727.00     6686.00     6727.00     2326        
6     2026-03-30 09:30:00 6721.00     6749.00     6704.00     6746.00     1891        
7     2026-03-30 09:35:00 6755.00     6763.00     6711.00     6721.00     1793        
8     2026-03-30 09:40:00 6716.00     6740.00     6711.00     6724.00     1008        
9     2026-03-30 09:45:00 6724.00     6735.00     6714.00     6717.00     978         
10    2026-03-30 09:50:00 6716.00     6725.00     6680.00     6690.00     2021        
11    2026-03-30 09:55:00 6696.00     6717.00     6685.00     6709.00     1301        
12    2026-03-30 10:00:00 6700.00     6720.00     6696.00     6696.00     1239        
13    2026-03-30 10:05:00 6713.00     6719.00     6684.00     6718.00     1366        
14    2026-03-30 10:10:00 6720.00     6733.00     6703.00     6710.00     1374        
15    2026-03-30 10:15:00 6762.00     6785.00     6710.00     6777.00     2377        
16    2026-03-30 10:35:00 6786.00     6787.00     6745.00     6750.00     2634        
17    2026-03-30 10:40:00 6751.00     6759.00     6713.00     6728.00     1556        
18    2026-03-30 10:45:00 6728.00     6730.00     6703.00     6704.00     1001        
19    2026-03-30 10:50:00 6704.00     6714.00     6695.00     6707.00     1606        
20    2026-03-30 10:55:00 6693.00     6711.00     6681.00     6691.00     1514        
21    2026-03-30 11:00:00 6622.00     6691.00     6573.00     6600.00     6002        
22    2026-03-30 11:05:00 6598.00     6611.00     6566.00     6577.00     3005        
23    2026-03-30 11:10:00 6593.00     6594.00     6541.00     6567.00     3373        
24    2026-03-30 11:15:00 6563.00     6566.00     6510.00     6550.00     3366        
25    2026-03-30 11:20:00 6546.00     6580.00     6533.00     6533.00     2394        
26    2026-03-30 11:25:00 6533.00     6538.00     6483.00     6491.00     1988        
27    2026-03-30 11:30:00 6491.00     6528.00     6489.00     6524.00     2662        
28    2026-03-30 13:35:00 6534.00     6573.00     6532.00     6565.00     3355        
29    2026-03-30 13:40:00 6565.00     6593.00     6547.00     6589.00     1897        
30    2026-03-30 13:45:00 6589.00     6616.00     6586.00     6588.00     2528        
31    2026-03-30 13:50:00 6593.00     6630.00     6588.00     6588.00     2022        
32    2026-03-30 13:55:00 6588.00     6603.00     6542.00     6558.00     2684        
33    2026-03-30 14:00:00 6558.00     6569.00     6537.00     6553.00     1951        
34    2026-03-30 14:05:00 6551.00     6564.00     6546.00     6549.00     1357        
35    2026-03-30 14:10:00 6549.00     6588.00     6548.00     6586.00     1182        
36    2026-03-30 14:15:00 6588.00     6598.00     6566.00     6582.00     1206        
37    2026-03-30 14:20:00 6582.00     6599.00     6577.00     6594.00     801         
38    2026-03-30 14:25:00 6592.00     6606.00     6591.00     6598.00     752         
39    2026-03-30 14:30:00 6598.00     6611.00     6583.00     6611.00     1021        
40    2026-03-30 14:35:00 6610.00     6611.00     6570.00     6575.00     1050        
41    2026-03-30 14:40:00 6575.00     6604.00     6575.00     6600.00     937         
42    2026-03-30 14:45:00 6600.00     6604.00     6574.00     6583.00     538         
43    2026-03-30 14:50:00 6583.00     6589.00     6570.00     6576.00     865         
44    2026-03-30 14:55:00 6576.00     6600.00     6571.00     6597.00     1060        
45    2026-03-30 15:00:00 6596.00     6609.00     6596.00     6606.00     100         
46    2026-03-30 21:05:00 6606.00     6606.00     6512.00     6545.00     7559        
47    2026-03-30 21:10:00 6544.00     6618.00     6543.00     6590.00     3731        
48    2026-03-30 21:15:00 6589.00     6608.00     6578.00     6597.00     1966        
49    2026-03-30 21:20:00 6597.00     6610.00     6576.00     6601.00     2081        
50    2026-03-30 21:25:00 6598.00     6598.00     6562.00     6581.00     1904        
51    2026-03-30 21:30:00 6581.00     6625.00     6576.00     6614.00     1903        
52    2026-03-30 21:35:00 6614.00     6615.00     6578.00     6589.00     1833        
53    2026-03-30 21:40:00 6591.00     6610.00     6589.00     6597.00     1566        
54    2026-03-30 21:45:00 6595.00     6610.00     6590.00     6607.00     856         
55    2026-03-30 21:50:00 6608.00     6614.00     6590.00     6609.00     1244        
56    2026-03-30 21:55:00 6609.00     6622.00     6559.00     6567.00     2340        
57    2026-03-30 22:00:00 6565.00     6573.00     6535.00     6550.00     3024        
58    2026-03-30 22:05:00 6550.00     6564.00     6535.00     6560.00     1828        
59    2026-03-30 22:10:00 6560.00     6570.00     6547.00     6550.00     1327        
60    2026-03-30 22:15:00 6550.00     6566.00     6540.00     6564.00     1336        
61    2026-03-30 22:20:00 6564.00     6600.00     6560.00     6588.00     1664        
62    2026-03-30 22:25:00 6594.00     6594.00     6565.00     6577.00     983         
63    2026-03-30 22:30:00 6577.00     6581.00     6566.00     6570.00     574         
64    2026-03-30 22:35:00 6579.00     6584.00     6569.00     6580.00     489         
65    2026-03-30 22:40:00 6579.00     6599.00     6578.00     6589.00     671         
66    2026-03-30 22:45:00 6588.00     6602.00     6583.00     6583.00     666         
67    2026-03-30 22:50:00 6587.00     6594.00     6556.00     6561.00     1403        
68    2026-03-30 22:55:00 6562.00     6567.00     6544.00     6558.00     1137        
69    2026-03-30 23:00:00 6557.00     6590.00     6557.00     6590.00     1139        
70    2026-03-31 09:05:00 6628.00     6630.00     6544.00     6561.00     3544        
71    2026-03-31 09:10:00 6561.00     6568.00     6504.00     6538.00     738         
72    2026-03-31 09:15:00 6538.00     6542.00     6476.00     6496.00     5156        
73    2026-03-31 09:20:00 6494.00     6524.00     6492.00     6496.00     2551        
74    2026-03-31 09:25:00 6496.00     6513.00     6463.00     6468.00     3569        
75    2026-03-31 09:30:00 6468.00     6468.00     6401.00     6401.00     7044        
76    2026-03-31 09:35:00 6410.00     6431.00     6359.00     6376.00     5718        
77    2026-03-31 09:40:00 6377.00     6415.00     6363.00     6388.00     3740        
78    2026-03-31 09:45:00 6385.00     6385.00     6315.00     6315.00     4266        
79    2026-03-31 09:50:00 6365.00     6376.00     6316.00     6376.00     2786        
80    2026-03-31 09:55:00 6376.00     6381.00     6327.00     6353.00     2427        
81    2026-03-31 10:00:00 6345.00     6373.00     6331.00     6357.00     2657        
82    2026-03-31 10:05:00 6357.00     6366.00     6287.00     6301.00     3591        
83    2026-03-31 10:10:00 6301.00     6303.00     6230.00     6253.00     4435        
84    2026-03-31 10:15:00 6253.00     6320.00     6253.00     6316.00     2576        
85    2026-03-31 10:35:00 6315.00     6367.00     6313.00     6359.00     2766        
86    2026-03-31 10:40:00 6364.00     6370.00     6339.00     6349.00     1635        
87    2026-03-31 10:45:00 6349.00     6375.00     6343.00     6358.00     1247        
88    2026-03-31 10:50:00 6357.00     6373.00     6340.00     6350.00     1115        
89    2026-03-31 10:55:00 6350.00     6365.00     6323.00     6336.00     1224        
90    2026-03-31 11:00:00 6356.00     6379.00     6331.00     6336.00     2065        
91    2026-03-31 11:05:00 6281.00     6338.00     6272.00     6286.00     3573        
92    2026-03-31 11:10:00 6286.00     6287.00     6181.00     6197.00     4563        
93    2026-03-31 11:15:00 6196.00     6226.00     6181.00     6215.00     3075        
94    2026-03-31 11:20:00 6215.00     6220.00     6171.00     6202.00     2862        
95    2026-03-31 11:25:00 6203.00     6207.00     6181.00     6205.00     652         
96    2026-03-31 11:30:00 6205.00     6215.00     6137.00     6201.00     5124        
97    2026-03-31 13:35:00 6234.00     6280.00     6207.00     6230.00     35          
98    2026-03-31 13:40:00 6230.00     6246.00     6219.00     6219.00     1352        
99    2026-03-31 13:45:00 6219.00     6245.00     6192.00     6245.00     3210        
100   2026-03-31 13:50:00 6243.00     6250.00     6224.00     6241.00     204         
101   2026-03-31 13:55:00 6238.00     6257.00     6236.00     6245.00     13          
102   2026-03-31 14:00:00 6241.00     6241.00     6215.00     6222.00     794         
103   2026-03-31 14:05:00 6222.00     6260.00     6221.00     6246.00     207         
104   2026-03-31 14:10:00 6246.00     6246.00     6229.00     6242.00     568         
105   2026-03-31 14:15:00 6242.00     6280.00     6242.00     6261.00     1596        
106   2026-03-31 14:20:00 6261.00     6270.00     6246.00     6255.00     97          
107   2026-03-31 14:25:00 6255.00     6282.00     6242.00     6260.00     1557        
108   2026-03-31 14:30:00 6260.00     6270.00     6251.00     6264.00     847         
109   2026-03-31 14:35:00 6264.00     6270.00     6255.00     6262.00     352         
110   2026-03-31 14:40:00 6262.00     6283.00     6255.00     6272.00     1085        
111   2026-03-31 14:45:00 6272.00     6284.00     6269.00     6274.00     26          
112   2026-03-31 14:50:00 6274.00     6283.00     6261.00     6278.00     883         
113   2026-03-31 14:55:00 6278.00     6326.00     6269.00     6311.00     8           
114   2026-03-31 15:00:00 6311.00     6339.00     6308.00     6339.00     31          
115   2026-03-31 21:05:00 6359.00     6359.00     6275.00     6320.00     7743        
116   2026-03-31 21:10:00 6320.00     6333.00     6281.00     6283.00     2864        
117   2026-03-31 21:15:00 6283.00     6317.00     6283.00     6302.00     1808        
118   2026-03-31 21:20:00 6304.00     6339.00     6302.00     6327.00     2271        
119   2026-03-31 21:25:00 6327.00     6371.00     6314.00     6363.00     3023        
120   2026-03-31 21:30:00 6363.00     6385.00     6355.00     6379.00     3069        
121   2026-03-31 21:35:00 6379.00     6379.00     6353.00     6355.00     1696        
122   2026-03-31 21:40:00 6355.00     6376.00     6354.00     6361.00     1585        
123   2026-03-31 21:45:00 6363.00     6394.00     6340.00     6393.00     3506        
124   2026-03-31 21:50:00 6393.00     6473.00     6382.00     6467.00     7115        
125   2026-03-31 21:55:00 6466.00     6515.00     6452.00     6491.00     9872        
126   2026-03-31 22:00:00 6488.00     6520.00     6449.00     6451.00     6658        
127   2026-03-31 22:05:00 6451.00     6476.00     6432.00     6460.00     4440        
128   2026-03-31 22:10:00 6460.00     6464.00     6414.00     6431.00     3808        
129   2026-03-31 22:15:00 6431.00     6442.00     6413.00     6437.00     2026        
130   2026-03-31 22:20:00 6432.00     6458.00     6432.00     6454.00     2268        
131   2026-03-31 22:25:00 6456.00     6472.00     6448.00     6448.00     1626        
132   2026-03-31 22:30:00 6448.00     6464.00     6448.00     6456.00     796         
133   2026-03-31 22:35:00 6460.00     6473.00     6453.00     6465.00     1022        
134   2026-03-31 22:40:00 6465.00     6506.00     6462.00     6506.00     1788        
135   2026-03-31 22:45:00 6504.00     6515.00     6487.00     6492.00     2403        
136   2026-03-31 22:50:00 6492.00     6509.00     6492.00     6509.00     291         
137   2026-03-31 22:55:00 6509.00     6518.00     6497.00     6508.00     10          
138   2026-03-31 23:00:00 6507.00     6512.00     6497.00     6507.00     142         

----------------------------------------------------------------------------------------------------

====================================================================================================
【18/20】合约: sc2605
====================================================================================================
  数据条数: 192
  时间范围: 2026-03-30 00:00:00 至 2026-03-31 23:55:00

----------------------------------------------------------------------------------------------------
序号    时间                  开盘价         最高价         最低价         收盘价         成交量         
----------------------------------------------------------------------------------------------------
1     2026-03-30 00:00:00 751.80      759.70      751.00      759.10      10611       
2     2026-03-30 09:05:00 786.90      786.90      779.00      782.10      5369        
3     2026-03-30 09:10:00 781.20      783.00      778.60      782.80      1618        
4     2026-03-30 09:15:00 782.10      782.80      779.60      779.70      1038        
5     2026-03-30 09:20:00 780.50      780.80      776.50      779.20      1434        
6     2026-03-30 09:25:00 778.30      780.20      777.40      779.00      707         
7     2026-03-30 09:30:00 779.40      782.50      777.00      782.20      1182        
8     2026-03-30 09:35:00 783.60      784.60      782.00      782.80      1124        
9     2026-03-30 09:40:00 781.80      783.50      780.70      781.50      578         
10    2026-03-30 09:45:00 781.50      782.00      779.40      780.00      689         
11    2026-03-30 09:50:00 780.00      781.10      777.60      779.40      165         
12    2026-03-30 09:55:00 779.10      781.10      778.50      779.80      545         
13    2026-03-30 10:00:00 778.90      780.50      778.00      779.50      501         
14    2026-03-30 10:05:00 779.60      780.50      778.00      779.80      521         
15    2026-03-30 10:10:00 779.80      781.60      778.50      779.40      484         
16    2026-03-30 10:15:00 779.40      782.50      779.30      782.30      493         
17    2026-03-30 10:35:00 782.60      784.00      778.30      779.50      1055        
18    2026-03-30 10:40:00 779.50      779.50      774.00      776.40      1460        
19    2026-03-30 10:45:00 776.10      776.80      774.30      774.40      636         
20    2026-03-30 10:50:00 775.00      775.20      772.30      773.10      985         
21    2026-03-30 10:55:00 771.30      773.60      770.10      773.00      1059        
22    2026-03-30 11:00:00 772.00      773.20      771.00      771.50      535         
23    2026-03-30 11:05:00 770.90      771.80      768.10      768.20      1071        
24    2026-03-30 11:10:00 767.50      769.50      764.20      766.90      1492        
25    2026-03-30 11:15:00 766.90      767.50      764.50      766.40      930         
26    2026-03-30 11:20:00 767.40      768.80      764.60      765.60      908         
27    2026-03-30 11:25:00 765.60      765.90      762.40      763.70      1411        
28    2026-03-30 11:30:00 763.70      765.00      761.00      762.00      990         
29    2026-03-30 13:35:00 765.00      766.00      761.20      763.90      264         
30    2026-03-30 13:40:00 764.00      766.30      762.20      765.70      1012        
31    2026-03-30 13:45:00 767.00      769.50      765.90      768.30      1069        
32    2026-03-30 13:50:00 767.40      770.30      765.50      765.60      784         
33    2026-03-30 13:55:00 765.60      766.80      763.80      764.60      622         
34    2026-03-30 14:00:00 764.60      765.90      762.30      764.10      710         
35    2026-03-30 14:05:00 764.00      766.50      763.00      763.10      737         
36    2026-03-30 14:10:00 763.10      765.00      763.10      764.90      347         
37    2026-03-30 14:15:00 764.70      765.90      763.00      764.40      468         
38    2026-03-30 14:20:00 764.40      765.70      763.50      764.50      320         
39    2026-03-30 14:25:00 764.10      764.90      763.40      763.80      227         
40    2026-03-30 14:30:00 763.80      765.00      762.90      764.60      422         
41    2026-03-30 14:35:00 764.60      764.60      761.50      761.60      594         
42    2026-03-30 14:40:00 761.50      763.60      761.20      763.20      830         
43    2026-03-30 14:45:00 763.20      763.20      761.50      762.60      430         
44    2026-03-30 14:50:00 762.60      763.40      759.00      759.00      759         
45    2026-03-30 14:55:00 758.80      762.90      758.70      762.40      910         
46    2026-03-30 15:00:00 762.40      764.20      762.40      763.50      87          
47    2026-03-30 21:05:00 755.30      756.50      751.70      756.40      2865        
48    2026-03-30 21:10:00 756.50      761.40      755.50      760.30      1814        
49    2026-03-30 21:15:00 760.30      761.00      758.10      759.00      943         
50    2026-03-30 21:20:00 759.20      761.90      758.40      760.80      944         
51    2026-03-30 21:25:00 760.80      760.80      758.40      759.10      588         
52    2026-03-30 21:30:00 759.10      761.30      758.60      761.00      510         
53    2026-03-30 21:35:00 761.00      761.70      757.00      761.40      1108        
54    2026-03-30 21:40:00 761.50      762.60      760.40      760.90      1138        
55    2026-03-30 21:45:00 760.90      764.00      760.70      763.80      1200        
56    2026-03-30 21:50:00 763.80      766.80      762.80      765.00      1161        
57    2026-03-30 21:55:00 765.20      766.80      763.30      765.00      1041        
58    2026-03-30 22:00:00 765.00      765.80      763.60      764.10      547         
59    2026-03-30 22:05:00 764.10      764.30      762.30      764.30      639         
60    2026-03-30 22:10:00 764.30      764.70      762.50      762.70      540         
61    2026-03-30 22:15:00 762.70      763.40      760.60      762.50      831         
62    2026-03-30 22:20:00 762.50      764.80      761.90      764.30      152         
63    2026-03-30 22:25:00 764.30      764.40      761.60      763.20      9           
64    2026-03-30 22:30:00 763.20      763.20      761.00      761.80      149         
65    2026-03-30 22:35:00 761.60      763.20      761.50      762.80      16          
66    2026-03-30 22:40:00 762.80      763.90      762.30      763.50      1           
67    2026-03-30 22:45:00 763.50      764.50      762.30      762.80      2           
68    2026-03-30 22:50:00 762.80      763.00      756.20      759.30      30          
69    2026-03-30 22:55:00 759.30      759.30      757.50      759.00      170         
70    2026-03-30 23:00:00 759.00      760.50      758.70      760.00      1           
71    2026-03-30 23:05:00 760.20      760.30      758.30      758.90      3           
72    2026-03-30 23:10:00 758.80      762.90      758.50      761.60      5           
73    2026-03-30 23:15:00 761.60      762.60      760.80      762.40      25          
74    2026-03-30 23:20:00 762.40      763.20      761.40      762.50      3           
75    2026-03-30 23:25:00 762.60      763.00      761.00      761.60      16          
76    2026-03-30 23:30:00 761.60      761.60      760.50      761.10      1           
77    2026-03-30 23:35:00 761.10      763.00      759.60      760.30      13          
78    2026-03-30 23:40:00 760.30      760.50      758.80      759.50      7           
79    2026-03-30 23:45:00 759.50      759.50      755.30      756.40      2           
80    2026-03-30 23:50:00 756.40      758.40      756.20      757.50      2           
81    2026-03-30 23:55:00 757.50      759.40      757.20      759.40      17          
82    2026-03-31 00:00:00 759.20      762.70      759.00      761.50      5           
83    2026-03-31 00:05:00 761.50      763.20      761.50      762.50      16          
84    2026-03-31 00:10:00 762.60      765.30      761.70      764.00      54          
85    2026-03-31 00:15:00 764.00      764.40      762.10      762.70      6           
86    2026-03-31 00:20:00 762.70      763.50      762.00      762.20      9           
87    2026-03-31 00:25:00 762.20      762.50      761.10      762.30      18          
88    2026-03-31 00:30:00 762.30      763.00      761.70      762.50      2           
89    2026-03-31 00:35:00 762.60      763.00      760.70      761.60      2           
90    2026-03-31 00:40:00 761.60      762.30      759.70      760.00      6           
91    2026-03-31 00:45:00 760.00      760.50      758.00      759.70      18          
92    2026-03-31 00:50:00 759.80      760.80      759.60      760.70      8           
93    2026-03-31 00:55:00 760.70      761.10      759.00      760.00      3           
94    2026-03-31 01:00:00 760.00      760.80      759.20      759.80      9           
95    2026-03-31 01:05:00 759.80      761.40      759.30      761.40      6           
96    2026-03-31 01:10:00 761.40      761.60      760.40      760.70      8           
97    2026-03-31 01:15:00 760.70      764.40      760.70      764.40      17          
98    2026-03-31 01:20:00 764.50      765.00      762.00      762.50      1           
99    2026-03-31 01:25:00 762.50      763.20      762.10      762.50      1           
100   2026-03-31 01:30:00 762.50      762.50      760.30      761.50      3           
101   2026-03-31 01:35:00 761.50      762.80      761.50      762.30      3           
102   2026-03-31 01:40:00 762.30      762.50      761.60      762.30      1           
103   2026-03-31 01:45:00 762.10      762.80      761.80      762.10      4           
104   2026-03-31 01:50:00 761.80      761.80      759.40      761.20      8           
105   2026-03-31 01:55:00 761.20      761.90      760.90      761.60      1           
106   2026-03-31 02:00:00 761.40      761.80      760.10      760.60      1           
107   2026-03-31 02:05:00 760.60      761.10      759.40      760.40      1           
108   2026-03-31 02:10:00 760.40      760.60      758.90      760.40      2           
109   2026-03-31 02:15:00 760.50      761.00      759.70      760.20      4           
110   2026-03-31 02:20:00 760.10      760.30      758.10      758.60      4           
111   2026-03-31 02:25:00 758.60      759.90      758.50      759.30      1           
112   2026-03-31 02:30:00 759.40      759.90      758.50      759.90      10          
113   2026-03-31 09:05:00 762.00      765.30      757.70      764.30      29          
114   2026-03-31 09:10:00 764.00      764.60      760.30      762.40      10          
115   2026-03-31 09:15:00 762.30      762.90      753.00      753.20      136         
116   2026-03-31 09:20:00 753.30      755.40      750.40      750.90      323         
117   2026-03-31 09:25:00 753.50      753.80      750.10      751.30      40          
118   2026-03-31 09:30:00 746.20      746.50      741.60      742.00      721         
119   2026-03-31 09:35:00 742.00      744.60      730.00      734.50      2747        
120   2026-03-31 09:40:00 732.90      737.50      732.30      735.30      590         
121   2026-03-31 09:45:00 735.40      735.40      725.60      726.00      3506        
122   2026-03-31 09:50:00 725.70      730.90      725.30      730.90      79          
123   2026-03-31 09:55:00 730.10      730.30      726.80      730.30      30          
124   2026-03-31 10:00:00 729.90      736.00      729.90      735.70      102         
125   2026-03-31 10:05:00 735.70      736.80      735.00      735.70      21          
126   2026-03-31 10:10:00 735.70      736.60      732.10      734.10      87          
127   2026-03-31 10:15:00 734.10      737.80      733.40      736.10      584         
128   2026-03-31 10:35:00 738.00      741.40      737.50      739.10      574         
129   2026-03-31 10:40:00 739.10      740.70      738.00      739.50      4           
130   2026-03-31 10:45:00 740.70      741.80      739.90      741.80      13          
131   2026-03-31 10:50:00 742.90      743.30      740.20      740.60      336         
132   2026-03-31 10:55:00 740.60      742.60      738.70      740.50      306         
133   2026-03-31 11:00:00 741.10      744.40      741.10      742.60      191         
134   2026-03-31 11:05:00 741.20      742.00      741.20      742.00      17          
135   2026-03-31 11:10:00 739.20      739.30      736.80      738.20      210         
136   2026-03-31 11:15:00 738.00      738.90      735.80      737.10      487         
137   2026-03-31 11:20:00 737.10      739.80      736.30      737.40      61          
138   2026-03-31 11:25:00 737.40      738.00      736.00      737.30      123         
139   2026-03-31 11:30:00 737.30      738.50      735.10      738.30      349         
140   2026-03-31 13:35:00 742.80      746.60      740.50      744.50      278         
141   2026-03-31 13:40:00 744.50      744.70      741.20      741.20      574         
142   2026-03-31 13:45:00 741.20      742.20      739.70      740.10      673         
143   2026-03-31 13:50:00 740.20      741.10      737.10      739.40      106         
144   2026-03-31 13:55:00 739.40      740.70      738.40      739.90      402         
145   2026-03-31 14:00:00 739.90      739.90      738.10      738.80      178         
146   2026-03-31 14:05:00 738.80      741.00      738.80      739.40      164         
147   2026-03-31 14:10:00 739.40      741.00      738.60      740.30      329         
148   2026-03-31 14:15:00 740.30      743.50      740.00      742.50      456         
149   2026-03-31 14:20:00 742.50      743.60      741.10      741.20      6           
150   2026-03-31 14:25:00 741.20      741.20      737.50      740.10      204         
151   2026-03-31 14:30:00 740.10      740.50      736.50      736.90      624         
152   2026-03-31 14:35:00 736.90      738.40      735.00      737.40      155         
153   2026-03-31 14:40:00 737.40      739.00      736.60      738.80      494         
154   2026-03-31 14:45:00 738.80      741.90      738.10      741.10      22          
155   2026-03-31 14:50:00 741.30      741.80      739.40      740.80      463         
156   2026-03-31 14:55:00 740.80      743.00      739.00      742.10      2           
157   2026-03-31 15:00:00 742.10      742.10      740.60      740.60      14          
158   2026-03-31 21:05:00 744.70      744.70      735.60      741.60      2280        
159   2026-03-31 21:10:00 741.60      742.50      739.10      739.90      1014        
160   2026-03-31 21:15:00 739.80      740.50      737.10      737.10      906         
161   2026-03-31 21:20:00 737.20      738.30      735.40      737.40      937         
162   2026-03-31 21:25:00 737.40      738.60      735.80      737.20      625         
163   2026-03-31 21:30:00 737.20      742.20      737.20      741.10      1082        
164   2026-03-31 21:35:00 741.10      741.10      736.50      736.80      886         
165   2026-03-31 21:40:00 736.80      738.80      734.00      735.70      1320        
166   2026-03-31 21:45:00 735.50      736.40      732.30      735.40      1383        
167   2026-03-31 21:50:00 735.40      735.40      730.40      731.40      1870        
168   2026-03-31 21:55:00 731.40      733.00      728.50      730.90      1383        
169   2026-03-31 22:00:00 730.90      733.50      730.20      730.30      1037        
170   2026-03-31 22:05:00 730.30      731.10      728.00      728.90      1215        
171   2026-03-31 22:10:00 728.80      731.60      728.70      730.60      975         
172   2026-03-31 22:15:00 730.70      731.10      728.70      728.70      568         
173   2026-03-31 22:20:00 728.90      732.30      728.90      731.80      833         
174   2026-03-31 22:25:00 732.00      734.00      731.50      731.90      814         
175   2026-03-31 22:30:00 731.90      733.70      731.50      731.70      157         
176   2026-03-31 22:35:00 732.00      732.80      730.90      732.60      544         
177   2026-03-31 22:40:00 732.60      736.20      731.90      736.10      1152        
178   2026-03-31 22:45:00 736.10      738.40      735.90      736.20      1325        
179   2026-03-31 22:50:00 736.30      739.50      736.30      738.60      321         
180   2026-03-31 22:55:00 738.60      740.20      738.30      739.40      17          
181   2026-03-31 23:00:00 739.40      740.40      738.30      739.40      19          
182   2026-03-31 23:05:00 739.30      739.30      736.70      737.30      16          
183   2026-03-31 23:10:00 737.30      739.40      736.00      736.70      12          
184   2026-03-31 23:15:00 736.60      737.50      734.50      734.70      11          
185   2026-03-31 23:20:00 734.70      735.40      732.50      734.50      18          
186   2026-03-31 23:25:00 734.40      735.50      733.50      734.60      27          
187   2026-03-31 23:30:00 734.40      736.50      733.50      735.20      4           
188   2026-03-31 23:35:00 735.20      736.20      734.60      735.00      1           
189   2026-03-31 23:40:00 735.00      735.00      732.90      734.10      2           
190   2026-03-31 23:45:00 734.10      735.00      733.80      735.00      2           
191   2026-03-31 23:50:00 735.00      735.30      734.30      735.30      1           
192   2026-03-31 23:55:00 735.30      735.50      733.50      734.50      4           

----------------------------------------------------------------------------------------------------

====================================================================================================
【19/20】合约: PF606
====================================================================================================
  ⚠ 该合约在指定时间范围内没有数据


====================================================================================================
【20/20】合约: pb2605
====================================================================================================
  数据条数: 174
  时间范围: 2026-03-30 00:00:00 至 2026-03-31 23:55:00

----------------------------------------------------------------------------------------------------
序号    时间                  开盘价         最高价         最低价         收盘价         成交量         
----------------------------------------------------------------------------------------------------
1     2026-03-30 00:00:00 16440.00    16460.00    16435.00    16455.00    2594        
2     2026-03-30 09:05:00 16460.00    16475.00    16450.00    16475.00    2125        
3     2026-03-30 09:10:00 16475.00    16475.00    16450.00    16450.00    1539        
4     2026-03-30 09:15:00 16450.00    16460.00    16445.00    16450.00    787         
5     2026-03-30 09:20:00 16445.00    16460.00    16440.00    16455.00    523         
6     2026-03-30 09:25:00 16455.00    16455.00    16440.00    16440.00    591         
7     2026-03-30 09:30:00 16440.00    16450.00    16435.00    16445.00    531         
8     2026-03-30 09:35:00 16445.00    16465.00    16440.00    16460.00    647         
9     2026-03-30 09:40:00 16465.00    16485.00    16460.00    16475.00    804         
10    2026-03-30 09:45:00 16480.00    16480.00    16475.00    16480.00    240         
11    2026-03-30 09:50:00 16480.00    16485.00    16465.00    16470.00    392         
12    2026-03-30 09:55:00 16475.00    16475.00    16465.00    16475.00    317         
13    2026-03-30 10:00:00 16470.00    16485.00    16470.00    16480.00    279         
14    2026-03-30 10:05:00 16495.00    16500.00    16480.00    16495.00    540         
15    2026-03-30 10:10:00 16500.00    16500.00    16490.00    16495.00    579         
16    2026-03-30 10:15:00 16490.00    16495.00    16475.00    16475.00    638         
17    2026-03-30 10:35:00 16470.00    16485.00    16470.00    16485.00    763         
18    2026-03-30 10:40:00 16485.00    16485.00    16475.00    16475.00    423         
19    2026-03-30 10:45:00 16475.00    16485.00    16465.00    16480.00    646         
20    2026-03-30 10:50:00 16480.00    16485.00    16470.00    16480.00    478         
21    2026-03-30 10:55:00 16490.00    16490.00    16480.00    16490.00    576         
22    2026-03-30 11:00:00 16495.00    16495.00    16485.00    16490.00    477         
23    2026-03-30 11:05:00 16500.00    16505.00    16490.00    16505.00    11          
24    2026-03-30 11:10:00 16505.00    16505.00    16490.00    16500.00    689         
25    2026-03-30 11:15:00 16500.00    16500.00    16495.00    16495.00    328         
26    2026-03-30 11:20:00 16500.00    16500.00    16490.00    16500.00    368         
27    2026-03-30 11:25:00 16505.00    16510.00    16495.00    16505.00    296         
28    2026-03-30 11:30:00 16505.00    16520.00    16500.00    16505.00    365         
29    2026-03-30 13:35:00 16515.00    16520.00    16495.00    16500.00    868         
30    2026-03-30 13:40:00 16500.00    16505.00    16495.00    16495.00    352         
31    2026-03-30 13:45:00 16495.00    16505.00    16485.00    16495.00    395         
32    2026-03-30 13:50:00 16490.00    16500.00    16490.00    16495.00    356         
33    2026-03-30 13:55:00 16495.00    16505.00    16495.00    16500.00    1054        
34    2026-03-30 14:00:00 16495.00    16500.00    16490.00    16490.00    628         
35    2026-03-30 14:05:00 16490.00    16500.00    16490.00    16500.00    466         
36    2026-03-30 14:10:00 16500.00    16505.00    16495.00    16500.00    268         
37    2026-03-30 14:15:00 16500.00    16505.00    16495.00    16500.00    297         
38    2026-03-30 14:20:00 16500.00    16510.00    16500.00    16510.00    328         
39    2026-03-30 14:25:00 16510.00    16510.00    16490.00    16495.00    416         
40    2026-03-30 14:30:00 16495.00    16505.00    16495.00    16500.00    289         
41    2026-03-30 14:35:00 16500.00    16505.00    16495.00    16505.00    331         
42    2026-03-30 14:40:00 16505.00    16510.00    16500.00    16505.00    343         
43    2026-03-30 14:45:00 16505.00    16510.00    16500.00    16500.00    860         
44    2026-03-30 14:50:00 16500.00    16535.00    16495.00    16520.00    2047        
45    2026-03-30 14:55:00 16515.00    16530.00    16505.00    16505.00    741         
46    2026-03-30 15:00:00 16505.00    16515.00    16490.00    16495.00    41          
47    2026-03-30 21:05:00 16510.00    16525.00    16475.00    16495.00    4956        
48    2026-03-30 21:10:00 16490.00    16520.00    16490.00    16515.00    1226        
49    2026-03-30 21:15:00 16515.00    16515.00    16500.00    16510.00    1666        
50    2026-03-30 21:20:00 16510.00    16525.00    16510.00    16515.00    740         
51    2026-03-30 21:25:00 16515.00    16520.00    16510.00    16510.00    689         
52    2026-03-30 21:30:00 16515.00    16520.00    16505.00    16510.00    581         
53    2026-03-30 21:35:00 16510.00    16515.00    16500.00    16505.00    441         
54    2026-03-30 21:40:00 16505.00    16505.00    16500.00    16505.00    195         
55    2026-03-30 21:45:00 16505.00    16505.00    16480.00    16485.00    462         
56    2026-03-30 21:50:00 16485.00    16490.00    16475.00    16480.00    737         
57    2026-03-30 21:55:00 16480.00    16485.00    16475.00    16480.00    214         
58    2026-03-30 22:00:00 16480.00    16485.00    16475.00    16480.00    190         
59    2026-03-30 22:05:00 16480.00    16485.00    16475.00    16485.00    237         
60    2026-03-30 22:10:00 16480.00    16490.00    16480.00    16490.00    199         
61    2026-03-30 22:15:00 16490.00    16515.00    16490.00    16505.00    829         
62    2026-03-30 22:20:00 16505.00    16505.00    16500.00    16505.00    164         
63    2026-03-30 22:25:00 16505.00    16510.00    16500.00    16505.00    172         
64    2026-03-30 22:30:00 16505.00    16510.00    16500.00    16505.00    64          
65    2026-03-30 22:35:00 16505.00    16510.00    16500.00    16505.00    71          
66    2026-03-30 22:40:00 16505.00    16520.00    16505.00    16515.00    348         
67    2026-03-30 22:45:00 16515.00    16525.00    16515.00    16520.00    172         
68    2026-03-30 22:50:00 16520.00    16525.00    16515.00    16515.00    360         
69    2026-03-30 22:55:00 16515.00    16520.00    16510.00    16515.00    77          
70    2026-03-30 23:00:00 16515.00    16515.00    16505.00    16515.00    206         
71    2026-03-30 23:05:00 16515.00    16525.00    16510.00    16525.00    251         
72    2026-03-30 23:10:00 16525.00    16525.00    16515.00    16520.00    161         
73    2026-03-30 23:15:00 16520.00    16520.00    16510.00    16515.00    143         
74    2026-03-30 23:20:00 16515.00    16520.00    16515.00    16520.00    21          
75    2026-03-30 23:25:00 16520.00    16525.00    16520.00    16525.00    63          
76    2026-03-30 23:30:00 16525.00    16525.00    16520.00    16525.00    84          
77    2026-03-30 23:35:00 16525.00    16525.00    16515.00    16520.00    132         
78    2026-03-30 23:40:00 16520.00    16520.00    16515.00    16520.00    24          
79    2026-03-30 23:45:00 16525.00    16525.00    16520.00    16525.00    89          
80    2026-03-30 23:50:00 16525.00    16530.00    16520.00    16525.00    48          
81    2026-03-30 23:55:00 16525.00    16530.00    16520.00    16525.00    115         
82    2026-03-31 00:00:00 16525.00    16525.00    16505.00    16510.00    411         
83    2026-03-31 00:05:00 16510.00    16515.00    16505.00    16510.00    310         
84    2026-03-31 00:10:00 16510.00    16515.00    16510.00    16515.00    3           
85    2026-03-31 00:15:00 16515.00    16515.00    16510.00    16510.00    8           
86    2026-03-31 00:20:00 16510.00    16510.00    16505.00    16510.00    51          
87    2026-03-31 00:25:00 16505.00    16510.00    16505.00    16510.00    27          
88    2026-03-31 00:30:00 16510.00    16510.00    16505.00    16510.00    134         
89    2026-03-31 00:35:00 16510.00    16515.00    16510.00    16515.00    67          
90    2026-03-31 00:40:00 16510.00    16515.00    16510.00    16510.00    1           
91    2026-03-31 00:45:00 16510.00    16520.00    16510.00    16515.00    48          
92    2026-03-31 00:50:00 16520.00    16520.00    16510.00    16510.00    60          
93    2026-03-31 00:55:00 16510.00    16520.00    16510.00    16520.00    62          
94    2026-03-31 01:00:00 16520.00    16520.00    16510.00    16510.00    158         
95    2026-03-31 09:05:00 16525.00    16530.00    16505.00    16510.00    1005        
96    2026-03-31 09:10:00 16510.00    16520.00    16510.00    16515.00    580         
97    2026-03-31 09:15:00 16515.00    16520.00    16505.00    16510.00    717         
98    2026-03-31 09:20:00 16510.00    16520.00    16505.00    16510.00    469         
99    2026-03-31 09:25:00 16510.00    16520.00    16510.00    16520.00    548         
100   2026-03-31 09:30:00 16520.00    16520.00    16500.00    16505.00    587         
101   2026-03-31 09:35:00 16500.00    16505.00    16495.00    16500.00    566         
102   2026-03-31 09:40:00 16505.00    16510.00    16500.00    16510.00    453         
103   2026-03-31 09:45:00 16510.00    16510.00    16500.00    16510.00    344         
104   2026-03-31 09:50:00 16505.00    16520.00    16500.00    16510.00    572         
105   2026-03-31 09:55:00 16510.00    16520.00    16510.00    16510.00    390         
106   2026-03-31 10:00:00 16515.00    16515.00    16505.00    16510.00    357         
107   2026-03-31 10:05:00 16510.00    16510.00    16490.00    16500.00    773         
108   2026-03-31 10:10:00 16500.00    16500.00    16490.00    16500.00    146         
109   2026-03-31 10:15:00 16500.00    16510.00    16495.00    16495.00    460         
110   2026-03-31 10:35:00 16495.00    16525.00    16495.00    16525.00    961         
111   2026-03-31 10:40:00 16515.00    16525.00    16510.00    16520.00    298         
112   2026-03-31 10:45:00 16520.00    16520.00    16510.00    16510.00    551         
113   2026-03-31 10:50:00 16510.00    16515.00    16495.00    16500.00    631         
114   2026-03-31 10:55:00 16500.00    16505.00    16495.00    16500.00    313         
115   2026-03-31 11:00:00 16500.00    16505.00    16500.00    16505.00    386         
116   2026-03-31 11:05:00 16505.00    16505.00    16485.00    16490.00    641         
117   2026-03-31 11:10:00 16490.00    16515.00    16490.00    16505.00    675         
118   2026-03-31 11:15:00 16505.00    16510.00    16495.00    16500.00    237         
119   2026-03-31 11:20:00 16500.00    16500.00    16485.00    16490.00    315         
120   2026-03-31 11:25:00 16495.00    16495.00    16485.00    16485.00    389         
121   2026-03-31 11:30:00 16485.00    16500.00    16485.00    16495.00    255         
122   2026-03-31 13:35:00 16495.00    16510.00    16485.00    16510.00    446         
123   2026-03-31 13:40:00 16510.00    16510.00    16505.00    16510.00    304         
124   2026-03-31 13:45:00 16510.00    16515.00    16500.00    16515.00    346         
125   2026-03-31 13:50:00 16515.00    16515.00    16505.00    16505.00    179         
126   2026-03-31 13:55:00 16510.00    16515.00    16485.00    16490.00    1270        
127   2026-03-31 14:00:00 16490.00    16505.00    16485.00    16505.00    589         
128   2026-03-31 14:05:00 16500.00    16505.00    16490.00    16495.00    103         
129   2026-03-31 14:10:00 16495.00    16500.00    16490.00    16495.00    317         
130   2026-03-31 14:15:00 16495.00    16495.00    16480.00    16485.00    622         
131   2026-03-31 14:20:00 16485.00    16490.00    16480.00    16485.00    3           
132   2026-03-31 14:25:00 16485.00    16490.00    16480.00    16490.00    451         
133   2026-03-31 14:30:00 16485.00    16490.00    16480.00    16480.00    259         
134   2026-03-31 14:35:00 16485.00    16490.00    16480.00    16490.00    77          
135   2026-03-31 14:40:00 16485.00    16495.00    16485.00    16490.00    91          
136   2026-03-31 14:45:00 16490.00    16495.00    16490.00    16490.00    11          
137   2026-03-31 14:50:00 16490.00    16495.00    16480.00    16485.00    174         
138   2026-03-31 14:55:00 16480.00    16495.00    16480.00    16495.00    20          
139   2026-03-31 15:00:00 16495.00    16500.00    16490.00    16500.00    13          
140   2026-03-31 21:05:00 16480.00    16510.00    16470.00    16505.00    5677        
141   2026-03-31 21:10:00 16505.00    16520.00    16500.00    16510.00    1934        
142   2026-03-31 21:15:00 16510.00    16520.00    16510.00    16520.00    895         
143   2026-03-31 21:20:00 16520.00    16520.00    16480.00    16485.00    1678        
144   2026-03-31 21:25:00 16485.00    16495.00    16480.00    16485.00    962         
145   2026-03-31 21:30:00 16485.00    16490.00    16475.00    16480.00    1197        
146   2026-03-31 21:35:00 16480.00    16480.00    16470.00    16475.00    630         
147   2026-03-31 21:40:00 16475.00    16480.00    16460.00    16470.00    1052        
148   2026-03-31 21:45:00 16470.00    16470.00    16455.00    16465.00    1402        
149   2026-03-31 21:50:00 16460.00    16465.00    16445.00    16460.00    1377        
150   2026-03-31 21:55:00 16460.00    16475.00    16455.00    16470.00    543         
151   2026-03-31 22:00:00 16465.00    16475.00    16460.00    16475.00    513         
152   2026-03-31 22:05:00 16475.00    16500.00    16475.00    16495.00    920         
153   2026-03-31 22:10:00 16495.00    16500.00    16490.00    16500.00    560         
154   2026-03-31 22:15:00 16500.00    16505.00    16495.00    16500.00    252         
155   2026-03-31 22:20:00 16500.00    16505.00    16490.00    16495.00    230         
156   2026-03-31 22:25:00 16495.00    16500.00    16490.00    16500.00    107         
157   2026-03-31 22:30:00 16500.00    16505.00    16495.00    16505.00    238         
158   2026-03-31 22:35:00 16505.00    16505.00    16500.00    16505.00    174         
159   2026-03-31 22:40:00 16505.00    16505.00    16490.00    16490.00    269         
160   2026-03-31 22:45:00 16490.00    16495.00    16485.00    16490.00    107         
161   2026-03-31 22:50:00 16490.00    16505.00    16485.00    16505.00    16          
162   2026-03-31 22:55:00 16505.00    16505.00    16495.00    16500.00    2           
163   2026-03-31 23:00:00 16500.00    16505.00    16490.00    16505.00    1           
164   2026-03-31 23:05:00 16505.00    16515.00    16500.00    16515.00    2           
165   2026-03-31 23:10:00 16515.00    16515.00    16505.00    16510.00    1           
166   2026-03-31 23:15:00 16510.00    16515.00    16505.00    16515.00    1           
167   2026-03-31 23:20:00 16515.00    16515.00    16505.00    16510.00    6           
168   2026-03-31 23:25:00 16510.00    16510.00    16505.00    16505.00    1           
169   2026-03-31 23:30:00 16505.00    16505.00    16500.00    16505.00    4           
170   2026-03-31 23:35:00 16505.00    16505.00    16500.00    16505.00    1           
171   2026-03-31 23:40:00 16505.00    16515.00    16505.00    16510.00    4           
172   2026-03-31 23:45:00 16510.00    16510.00    16505.00    16510.00    5           
173   2026-03-31 23:50:00 16510.00    16510.00    16505.00    16505.00    19          
174   2026-03-31 23:55:00 16505.00    16505.00    16495.00    16495.00    4           

----------------------------------------------------------------------------------------------------

====================================================================================================
查询完成！
====================================================================================================
